,NDVI,date
0,0.6331083939788866,2000-02-18
1,0.6024337834998007,2000-03-05
2,0.5048301499743153,2000-03-21
3,0.32495697535626045,2000-04-06
4,0.2270935378409147,2000-04-22
5,0.20901604679448454,2000-05-08
6,0.20176525693604427,2000-05-24
7,0.22920380589036685,2000-06-09
8,0.3325852491883111,2000-06-25
9,0.38894314474619557,2000-07-11
10,0.5078039671764198,2000-07-27
11,0.5760422230315813,2000-08-12
12,0.5815999916755389,2000-08-28
13,0.5041449821395787,2000-09-13
14,0.429337345662775,2000-09-29
15,0.357678621790793,2000-10-15
16,0.29325410425975706,2000-10-31
17,0.2884007546181677,2000-11-16
18,0.3219903890740301,2000-12-02
19,0.4342242666943169,2000-12-18
20,0.4813636767898157,2001-01-01
21,0.5618128892120384,2001-01-17
22,0.5860263190602252,2001-02-02
23,0.6212641207910178,2001-02-18
24,0.5994066098456862,2001-03-06
25,0.48144488180803885,2001-03-22
26,0.32802726619094613,2001-04-07
27,0.23743722209471513,2001-04-23
28,0.20961964499258556,2001-05-09
29,0.19945947963297325,2001-05-25
30,0.2370530621139983,2001-06-10
31,0.4363613520824621,2001-06-26
32,0.4789028566339294,2001-07-12
33,0.5520845867899994,2001-07-28
34,0.5882886252349548,2001-08-13
35,0.5615679449590308,2001-08-29
36,0.5000027300187161,2001-09-14
37,0.41853770691151815,2001-09-30
38,0.33841709942625553,2001-10-16
39,0.2914426807367732,2001-11-01
40,0.2877040947532288,2001-11-17
41,0.33271526781889094,2001-12-03
42,0.4534072368910958,2001-12-19
43,0.523534243497501,2002-01-01
44,0.5905620263279798,2002-01-17
45,0.614521305822591,2002-02-02
46,0.6505939266468381,2002-02-18
47,0.6069592138871918,2002-03-06
48,0.385175518498725,2002-03-22
49,0.2699744073271561,2002-04-07
50,0.2217682601861859,2002-04-23
51,0.1972681762588937,2002-05-09
52,0.2034966823825855,2002-05-25
53,0.2429559347787545,2002-06-10
54,0.29509916250592266,2002-06-26
55,0.36020052842956846,2002-07-12
56,0.4668311183563809,2002-07-28
57,0.4775973219783591,2002-08-13
58,0.5660893753945107,2002-08-29
59,0.4994710466099503,2002-09-14
60,0.4333286744704136,2002-09-30
61,0.336102244018693,2002-10-16
62,0.30448281489299023,2002-11-01
63,0.3152036961084323,2002-11-17
64,0.36870300540287343,2002-12-03
65,0.48133523212094403,2002-12-19
66,0.23424195266043743,2003-01-01
67,0.5396569415349944,2003-01-17
68,0.6318426989665678,2003-02-02
69,0.6262038475074013,2003-02-18
70,0.574394341629724,2003-03-06
71,0.39948610605059043,2003-03-22
72,0.278211140611233,2003-04-07
73,0.23326918218629594,2003-04-23
74,0.20206056809468886,2003-05-09
75,0.19309362005976624,2003-05-25
76,0.21936741446147154,2003-06-10
77,0.3088124609563962,2003-06-26
78,0.4966490308545521,2003-07-12
79,0.590419361144255,2003-07-28
80,0.5983926948572844,2003-08-13
81,0.6187203907735375,2003-08-29
82,0.5515780732153338,2003-09-14
83,0.433570095897943,2003-09-30
84,0.37094329666274234,2003-10-16
85,0.3081354224620888,2003-11-01
86,0.30929377661990215,2003-11-17
87,0.35292495696385534,2003-12-03
88,0.5146236833249722,2003-12-19
89,0.5245157350499128,2004-01-01
90,0.6121267598717457,2004-01-17
91,0.6518303422410407,2004-02-02
92,0.6650944924160738,2004-02-18
93,0.6283148703893359,2004-03-05
94,0.3956558878802358,2004-03-21
95,0.27060620443769995,2004-04-06
96,0.23985501948593896,2004-04-22
97,0.21140300301153278,2004-05-08
98,0.2121977089143957,2004-05-24
99,0.25915987516804617,2004-06-09
100,0.32935458755524294,2004-06-25
101,0.4266355643915736,2004-07-11
102,0.5329529693840312,2004-07-27
103,0.6021255242681044,2004-08-12
104,0.5815305452284288,2004-08-28
105,0.5276467614500003,2004-09-13
106,0.4691196697933013,2004-09-29
107,0.37717652094602433,2004-10-15
108,0.31691503487076117,2004-10-31
109,0.3017300994863852,2004-11-16
110,0.3936762043605942,2004-12-02
111,0.5431350032407984,2004-12-18
112,0.574891223113721,2005-01-01
113,0.6304842637819693,2005-01-17
114,0.6561636370969481,2005-02-02
115,0.6722598621782175,2005-02-18
116,0.6696271149326445,2005-03-06
117,0.47220392829905905,2005-03-22
118,0.28577254429318816,2005-04-07
119,0.24991640073105745,2005-04-23
120,0.22063768549268065,2005-05-09
121,0.21821459150386086,2005-05-25
122,0.21291078731770335,2005-06-10
123,0.3147327154613687,2005-06-26
124,0.4548017574312633,2005-07-12
125,0.5535416141735765,2005-07-28
126,0.5775424864544001,2005-08-13
127,0.6020372060904703,2005-08-29
128,0.6104434360558314,2005-09-14
129,0.5018013410514286,2005-09-30
130,0.3805544382715669,2005-10-16
131,0.3075927966085615,2005-11-01
132,0.2969071491066492,2005-11-17
133,0.3320204847891039,2005-12-03
134,0.48054965316054504,2005-12-19
135,0.488637973878772,2006-01-01
136,0.5662353217598598,2006-01-17
137,0.6134503663647801,2006-02-02
138,0.6536328248637897,2006-02-18
139,0.6134585200516408,2006-03-06
140,0.4758698109764896,2006-03-22
141,0.2895798619729497,2006-04-07
142,0.21957061807558603,2006-04-23
143,0.20522954658394646,2006-05-09
144,0.23131211270621257,2006-05-25
145,0.24358535361264144,2006-06-10
146,0.340409042917285,2006-06-26
147,0.4296563638196388,2006-07-12
148,0.6342097561401895,2006-07-28
149,0.6376673547275701,2006-08-13
150,0.6410926696610527,2006-08-29
151,0.552002998883203,2006-09-14
152,0.47789007927739696,2006-09-30
153,0.3964915865817749,2006-10-16
154,0.3238068703314307,2006-11-01
155,0.34959295190949186,2006-11-17
156,0.426883785948397,2006-12-03
157,0.5334772191990738,2006-12-19
158,0.5430986570766384,2007-01-01
159,0.5835071973837753,2007-01-17
160,0.6412314005730906,2007-02-02
161,0.6716122286522829,2007-02-18
162,0.661344401718905,2007-03-06
163,0.5221059373437201,2007-03-22
164,0.324283736387697,2007-04-07
165,0.26001978097560824,2007-04-23
166,0.2331330267738647,2007-05-09
167,0.21809375032377562,2007-05-25
168,0.28459394424883205,2007-06-10
169,0.4045100988445713,2007-06-26
170,0.4866627161113759,2007-07-12
171,0.6076589725042463,2007-07-28
172,0.6314729808383698,2007-08-13
173,0.6387067828498856,2007-08-29
174,0.6034807116071608,2007-09-14
175,0.48309792039029714,2007-09-30
176,0.3699738155340256,2007-10-16
177,0.3207394616758427,2007-11-01
178,0.3035445377743695,2007-11-17
179,0.3809560345402108,2007-12-03
180,0.46789199182306557,2007-12-19
181,0.5148874771866352,2008-01-01
182,0.5862812411613529,2008-01-17
183,0.6038805418461116,2008-02-02
184,0.6295212662474994,2008-02-18
185,0.5962374845149733,2008-03-05
186,0.5107152176359809,2008-03-21
187,0.28551282471727824,2008-04-06
188,0.23582954305321951,2008-04-22
189,0.2153529876157892,2008-05-08
190,0.21966523450239028,2008-05-24
191,0.2723733575492416,2008-06-09
192,0.3295743715198114,2008-06-25
193,0.4591135856152074,2008-07-11
194,0.5586795173524036,2008-07-27
195,0.6471026965846033,2008-08-12
196,0.6524926139234056,2008-08-28
197,0.5638488825950443,2008-09-13
198,0.4638443938858061,2008-09-29
199,0.3882086747516859,2008-10-15
200,0.3220498225977252,2008-10-31
201,0.30893655075833554,2008-11-16
202,0.4138453598713534,2008-12-02
203,0.5582601925359494,2008-12-18
204,0.5823918431220345,2009-01-01
205,0.6614471511181801,2009-01-17
206,0.6850342427995126,2009-02-02
207,0.6443964730529564,2009-02-18
208,0.5567541517763227,2009-03-06
209,0.3899105384410901,2009-03-22
210,0.26280234448205786,2009-04-07
211,0.236517319446098,2009-04-23
212,0.21457618097728182,2009-05-09
213,0.2158396267441335,2009-05-25
214,0.22152787533241677,2009-06-10
215,0.25239046220721945,2009-06-26
216,0.4229334490331605,2009-07-12
217,0.5225789749581394,2009-07-28
218,0.6309714152008912,2009-08-13
219,0.6729136272891582,2009-08-29
220,0.5899457729461406,2009-09-14
221,0.5120819713942122,2009-09-30
222,0.38617335000720193,2009-10-16
223,0.3096453014964161,2009-11-01
224,0.2867728738348545,2009-11-17
225,0.36740060057354224,2009-12-03
226,0.4337272597660205,2009-12-19
227,0.531877386725732,2010-01-01
228,0.6131635845280382,2010-01-17
229,0.6171052293253296,2010-02-02
230,0.6597770025937111,2010-02-18
231,0.6532088069366049,2010-03-06
232,0.4040970881850426,2010-03-22
233,0.2792964348219432,2010-04-07
234,0.23279805951105345,2010-04-23
235,0.2093998198399447,2010-05-09
236,0.21083665332602558,2010-05-25
237,0.2393251617301034,2010-06-10
238,0.3008291716895504,2010-06-26
239,0.3583619274588136,2010-07-12
240,0.59271894826987,2010-07-28
241,0.6598452553708521,2010-08-13
242,0.6439697936498202,2010-08-29
243,0.6504132426785568,2010-09-14
244,0.562934189444803,2010-09-30
245,0.40128316832432914,2010-10-16
246,0.3490842210910033,2010-11-01
247,0.32797983057593016,2010-11-17
248,0.37533342466304354,2010-12-03
249,0.4319087809946568,2010-12-19
250,0.5290574624794165,2011-01-01
251,0.6054564244105779,2011-01-17
252,0.6584186321863742,2011-02-02
253,0.6873014322357116,2011-02-18
254,0.6515238924100536,2011-03-06
255,0.47232866046715627,2011-03-22
256,0.3174246614707726,2011-04-07
257,0.25675506659438,2011-04-23
258,0.2430091164057598,2011-05-09
259,0.23853504452486632,2011-05-25
260,0.268049643918847,2011-06-10
261,0.3361463635004348,2011-06-26
262,0.4484312647956236,2011-07-12
263,0.5605836298738319,2011-07-28
264,0.638804420182136,2011-08-13
265,0.7106047346109501,2011-08-29
266,0.647807714977843,2011-09-14
267,0.5553168872746505,2011-09-30
268,0.4130844037844445,2011-10-16
269,0.3536157285724099,2011-11-01
270,0.33862781980166673,2011-11-17
271,0.42613900346480016,2011-12-03
272,0.4672605226805774,2011-12-19
273,0.5243770372748323,2012-01-01
274,0.5894550333755472,2012-01-17
275,0.615188678761841,2012-02-02
276,0.6421800159095615,2012-02-18
277,0.6377908854196503,2012-03-05
278,0.520252600751058,2012-03-21
279,0.3689641474340856,2012-04-06
280,0.2766332346035606,2012-04-22
281,0.23148907978065436,2012-05-08
282,0.21200352680385473,2012-05-24
283,0.20365784555929614,2012-06-09
284,0.2365624372800142,2012-06-25
285,0.38586906083337347,2012-07-11
286,0.5107853821855846,2012-07-27
287,0.5988526875414898,2012-08-12
288,0.712924689541793,2012-08-28
289,0.6543916244077665,2012-09-13
290,0.5713501755097821,2012-09-29
291,0.47165913449051794,2012-10-15
292,0.3530339043444311,2012-10-31
293,0.33774558438936636,2012-11-16
294,0.35299574957774255,2012-12-02
295,0.43366684559189916,2012-12-18
296,0.5123518604164854,2013-01-01
297,0.5940385592237596,2013-01-17
298,0.6665129321855944,2013-02-02
299,0.690632546681403,2013-02-18
300,0.674292831693623,2013-03-06
301,0.5325226844541777,2013-03-22
302,0.32228797224959665,2013-04-07
303,0.25960872508955574,2013-04-23
304,0.22876399439189027,2013-05-09
305,0.2233564752868148,2013-05-25
306,0.2672961833257475,2013-06-10
307,0.3050180260241168,2013-06-26
308,0.46647318717490427,2013-07-12
309,0.5866725740742386,2013-07-28
310,0.678664271884284,2013-08-13
311,0.6727855619733818,2013-08-29
312,0.6321935424676955,2013-09-14
313,0.5418145493967537,2013-09-30
314,0.45798696674579575,2013-10-16
315,0.34020966037018,2013-11-01
316,0.33398322295554794,2013-11-17
317,0.41314395038800455,2013-12-03
318,0.5476231752318799,2013-12-19
319,0.5700693280764795,2014-01-01
320,0.6434299069644879,2014-01-17
321,0.6948336306516945,2014-02-02
322,0.6925557048347276,2014-02-18
323,0.6542004827887972,2014-03-06
324,0.5084228502845174,2014-03-22
325,0.3294726481765342,2014-04-07
326,0.27709774719140795,2014-04-23
327,0.2562461581078979,2014-05-09
328,0.2310830235215626,2014-05-25
329,0.22880490827741282,2014-06-10
330,0.32055477201602883,2014-06-26
331,0.40072151556508184,2014-07-12
332,0.6093332944531668,2014-07-28
333,0.6182801143264195,2014-08-13
334,0.6844756405496899,2014-08-29
335,0.6152904588379418,2014-09-14
336,0.5026980569948284,2014-09-30
337,0.4066670199974083,2014-10-16
338,0.33363328791623137,2014-11-01
339,0.3205409184060186,2014-11-17
340,0.3684480444783051,2014-12-03
341,0.4977390271212561,2014-12-19
342,0.5700939700427282,2015-01-01
343,0.6197203721030925,2015-01-17
344,0.682516739550386,2015-02-02
345,0.6744288981036887,2015-02-18
346,0.6978358045245033,2015-03-06
347,0.6148052777406836,2015-03-22
348,0.35665876407474245,2015-04-07
349,0.29130259491699906,2015-04-23
350,0.26583110023119316,2015-05-09
351,0.24393087799960703,2015-05-25
352,0.25519414274277474,2015-06-10
353,0.2919825833549372,2015-06-26
354,0.48196702438339145,2015-07-12
355,0.5721325618051711,2015-07-28
356,0.683736468838444,2015-08-13
357,0.6497620641850265,2015-08-29
358,0.6310850482820244,2015-09-14
359,0.5759301606653711,2015-09-30
360,0.4203836694395293,2015-10-16
361,0.3388669636516833,2015-11-01
362,0.3157701815444822,2015-11-17
363,0.4013835175482236,2015-12-03
364,0.5426523532632097,2015-12-19
365,0.6124765474767548,2016-01-01
366,0.6126038766308011,2016-01-17
367,0.6729986809774988,2016-02-02
368,0.6501206127926865,2016-02-18
369,0.6554355465425239,2016-03-05
370,0.524594175225258,2016-03-21
371,0.29473786317221445,2016-04-06
372,0.2495473553065108,2016-04-22
373,0.23920783158366954,2016-05-08
374,0.23681412083470568,2016-05-24
375,0.2443929104201897,2016-06-09
376,0.34669656213415057,2016-06-25
377,0.4797756832954684,2016-07-11
378,0.640233755958331,2016-07-27
379,0.6632464611883812,2016-08-12
380,0.6964226151392662,2016-08-28
381,0.6642011418985064,2016-09-13
382,0.4991542124800315,2016-09-29
383,0.41247928991009314,2016-10-15
384,0.29615280558280077,2016-10-31
385,0.31849618197837254,2016-11-16
386,0.35937231568614336,2016-12-02
387,0.49903294273944265,2016-12-18
388,0.6315574654714613,2017-01-01
389,0.6464291290598051,2017-01-17
390,0.6873960299614886,2017-02-02
391,0.6845632568657164,2017-02-18
392,0.6314185108257079,2017-03-06
393,0.4536160625600047,2017-03-22
394,0.30043228219576223,2017-04-07
395,0.24855480222725915,2017-04-23
396,0.2386962075083442,2017-05-09
397,0.24658610763268388,2017-05-25
398,0.2759484354421324,2017-06-10
399,0.35348972877056445,2017-06-26
400,0.5068310703022934,2017-07-12
401,0.5810141386963159,2017-07-28
402,0.6599106685679115,2017-08-13
403,0.6909711350283169,2017-08-29
404,0.6541943121462912,2017-09-14
405,0.5477941518752218,2017-09-30
406,0.41392856337361117,2017-10-16
407,0.2606543879400943,2017-11-01
408,0.33088417962870137,2017-11-17
409,0.42676570883131754,2017-12-03
410,0.47978366564839153,2017-12-19
411,0.6092396642348038,2018-01-01
412,0.6435985375194418,2018-01-17
413,0.6730204634465928,2018-02-02
414,0.7051649726155477,2018-02-18
415,0.6869610321601949,2018-03-06
416,0.530658533530221,2018-03-22
417,0.3093452938217677,2018-04-07
418,0.26151125346263754,2018-04-23
419,0.23895461260994386,2018-05-09
420,0.2247940407034655,2018-05-25
421,0.255092194194864,2018-06-10
422,0.32185752915419696,2018-06-26
423,0.4745778061732887,2018-07-12
424,0.5485453353200643,2018-07-28
425,0.6647487742538113,2018-08-13
426,0.6601406385128048,2018-08-29
427,0.6692235944066851,2018-09-14
428,0.5974052275062987,2018-09-30
429,0.44048703252280264,2018-10-16
430,0.35172879562515647,2018-11-01
431,0.34137637629026213,2018-11-17
432,0.4721021260650872,2018-12-03
433,0.5461200039579448,2018-12-19
434,0.6199171701220922,2019-01-01
435,0.6665743855577029,2019-01-17
436,0.6799165353321861,2019-02-02
437,0.7208857069542534,2019-02-18
438,0.7027350909065243,2019-03-06
439,0.5910878808680774,2019-03-22
440,0.41394710301663173,2019-04-07
441,0.28550455157372173,2019-04-23
442,0.26669674644342783,2019-05-09
443,0.2552150590550028,2019-05-25
444,0.2550800972465701,2019-06-10
445,0.2876458365438517,2019-06-26
446,0.5076123275312713,2019-07-12
447,0.6580862840909295,2019-07-28
448,0.7253735423941059,2019-08-13
449,0.715842215513595,2019-08-29
450,0.6954416865941384,2019-09-14
451,0.5912199153435322,2019-09-30
452,0.4790442251070811,2019-10-16
453,0.37289206184897705,2019-11-01
454,0.36547118211270707,2019-11-17
455,0.4196813455519197,2019-12-03
456,0.5914183591965201,2019-12-19
457,0.6383716087200222,2020-01-01
458,0.6717495519217533,2020-01-17
459,0.7182001635570294,2020-02-02
460,0.7324298295099252,2020-02-18
461,0.7203522723627233,2020-03-05
462,0.6092079417671649,2020-03-21
463,0.42407608854494017,2020-04-06
464,0.3080953224035621,2020-04-22
465,0.27949172554698637,2020-05-08
466,0.26170278204779257,2020-05-24
467,0.28026754769997586,2020-06-09
468,0.3633061677767477,2020-06-25
469,0.4759713687334031,2020-07-11
470,0.6432535095924607,2020-07-27
471,0.7104161300276505,2020-08-12
472,0.7213876792980839,2020-08-28
473,0.6757059492764352,2020-09-13
474,0.5622009954542715,2020-09-29
475,0.43407159390477873,2020-10-15
476,0.34243795412789807,2020-10-31
477,0.3568939271746866,2020-11-16
478,0.4614805796659716,2020-12-02
479,0.5069693433623977,2020-12-18
480,0.536107093884614,2021-01-01
481,0.6731851456653479,2021-01-17
482,0.6736068749088897,2021-02-02
483,0.6972059289024726,2021-02-18
484,0.6416596810609846,2021-03-06
485,0.4222820286607006,2021-03-22
486,0.31629087695711444,2021-04-07
487,0.2594700313342071,2021-04-23
488,0.2689338827374543,2021-05-09
489,0.2524123535542841,2021-05-25
490,0.28936590854550304,2021-06-10
491,0.32107052665488006,2021-06-26
492,0.5111783733088339,2021-07-12
493,0.6560764465801392,2021-07-28
494,0.67215476714845,2021-08-13
495,0.6634630055459648,2021-08-29
496,0.7348436994371557,2021-09-14
497,0.5920622118006444,2021-09-30
498,0.46344203334866435,2021-10-16
499,0.3620556059999808,2021-11-01
500,0.3357112930696394,2021-11-17
501,0.423959854974061,2021-12-03
502,0.5377987226457286,2021-12-19
503,0.6280853635177678,2022-01-01
504,0.6815334748982181,2022-01-17
505,0.7084554717548274,2022-02-02
506,0.708381427210749,2022-02-18
507,0.6840674255940243,2022-03-06
508,0.4863812291450112,2022-03-22
509,0.3237913429799853,2022-04-07
510,0.26168463844205847,2022-04-23
511,0.25160933436521155,2022-05-09
512,0.2615092378664891,2022-05-25
513,0.2917721500485548,2022-06-10
514,0.33650554416157363,2022-06-26
515,0.5118454261376965,2022-07-12
516,0.7211821264091343,2022-07-28
517,0.7145000995178927,2022-08-13
518,0.7045283071985838,2022-08-29
519,0.6733642382673259,2022-09-14
520,0.5998339529615745,2022-09-30
521,0.4147899395241098,2022-10-16
522,0.3458551513417669,2022-11-01
523,0.35638992345600073,2022-11-17
524,0.4842847204181882,2022-12-03
525,0.5450292118544676,2022-12-19
526,0.6464401203801114,2023-01-01
527,0.6773876962017498,2023-01-17
528,0.6850289047731654,2023-02-02
