T2M,PRECIP,RH2M,NDVI,yield_kg_per_ha
26.205054607663264,33.67021902378691,36.84743009437975,0.424710990647439,4500.198036401337
25.315040129612434,52.10508278911523,44.07623780049066,0.4782007894271449,4971.535787194503
24.23611341563146,67.21939008154897,51.70816160034277,0.518204373927464,5052.257353650744
25.40556395053771,51.72175252111977,42.74784926971863,0.44025120319982775,4118.767250896671
24.649826721384873,44.23173935388555,46.53967272851938,0.4866927735440217,5025.559281028717
26.213086770413938,38.88633328361306,37.69359533121187,0.427813334029383,4391.342013875815
24.452844218348847,98.17653237595655,48.38115228742566,0.4632644988659001,4385.962992758446
26.203287680565847,36.49482423830742,37.01559365043894,0.42478976774116056,4479.047410575581
25.96107849550213,40.54273455511905,42.45354781066896,0.4560534522809505,4133.654121230002
26.21609532320442,29.799993046055093,37.02576857507872,0.4268595464394076,4475.913000333054
25.559584197344602,19.77433089878465,40.85494506160674,0.44422487288111695,4392.023573587017
24.96714789701235,55.93596207059282,44.76239397021797,0.4717164164318942,4900.1616764894525
25.054729477642656,50.02899950793066,45.20113420095939,0.4825759104392676,4987.300651621436
24.777448154299794,45.571385618722076,46.06455189046135,0.4849996805745234,5012.631593955516
26.231684440585965,24.335364704253458,37.27757648543556,0.42989323463805246,4441.623349768983
26.19965931161447,44.59215601836705,39.7698376847859,0.43790308924340576,4171.0180171838765
25.274883956756536,53.56823414529585,44.51560201509711,0.48065149719287237,4967.188512989844
24.779160958570532,45.598920903157016,46.05921844250972,0.4849847086182845,5012.475121295589
27.11869142963142,30.501806886712146,31.713318750779433,0.4055136731343679,4578.9138746656745
25.17339597525603,51.936698957601315,44.83162228448623,0.481538623435934,4976.459913515485
24.16491736062364,63.62555585598187,51.90897919946099,0.518313515216012,5029.96566606176
25.01456679477219,55.711772553269384,44.710685920293656,0.4728696904850307,4908.660445641141
25.962997102074294,38.58303920761383,42.38868761693966,0.4562157770521208,4139.819899807909
24.993315643959207,49.041702005464586,45.39236882773898,0.4831127407391918,4992.911091808302
26.2225806691761,41.20335916223108,38.350480758085354,0.4307427318291865,4306.368187727544
24.582105013555324,56.941612067848446,45.26151076716365,0.4636466560722085,4841.748597607122
26.229345419424277,42.85432488032901,38.81853566005869,0.43283003494771344,4245.821227419064
24.496761569440896,95.34780243929514,48.49189900170684,0.4654517662080131,4362.80435694269
24.560397416719354,49.93359478484444,45.67803067610171,0.4655302169321626,4745.297205335567
24.55777695874094,48.73743301440732,45.75287806362494,0.46603167075275975,4732.328884003177
26.032366009322676,17.658896575703892,38.65844741514446,0.4373605381433947,4393.04266789115
24.63170569415668,86.65601033735288,48.832188615087645,0.47217254671187836,4291.645196336247
24.401737763969123,115.28502380961662,49.84561805776741,0.48320785215267,4754.65897982886
24.7501033456092,57.3857008947119,43.197582738066494,0.42528580691234025,4124.960057823976
24.874181583403065,25.099234188580077,45.63004231966209,0.4770286073707213,4653.730295615824
27.093828675578994,19.547745619676668,30.888119186544785,0.40192103924181666,4636.14355026841
25.315222631311244,52.211471937815006,44.091090510244626,0.4783022071900329,4971.125855498906
24.574481573765443,56.36259703030946,45.27574894937661,0.46283505661330554,4814.997950691585
24.590711951960753,55.35052404000318,45.402918294713324,0.4663199089873343,4863.456046000832
24.671630778159454,45.907596791387995,50.990716557679974,0.4973323291765508,4096.967712470386
24.429892304439413,44.915881786737465,48.235046940993286,0.49532515706731867,4998.669254732569
24.57065200484622,54.61451178102799,45.385131824929296,0.46356788727939624,4796.045889365626
24.8643789886555,15.712432835129562,48.94441909361588,0.4985637962704044,4312.0458829009485
26.20973595404343,32.02921411756062,36.923046950728654,0.42562199445347193,4489.900998562918
27.127360132351214,34.32107407240383,32.001034652717365,0.4067662887991458,4558.960049618605
24.417758297990307,100.43642717392605,48.29267585839205,0.4615170736259906,4404.464610721264
27.14353088586839,41.445603574958895,32.537745056061354,0.40910294052450974,4521.737826525846
26.340098293613067,33.03867993871329,35.83383384966807,0.4202205820365722,4531.872628509314
24.188916718140117,46.33743178545602,50.1539081869432,0.5052563390134309,4971.599610555556
25.684581901377864,19.215036047081433,40.27421806288078,0.4424100270892682,4392.293009603764
26.03581793842092,44.15072248101749,41.66365094522609,0.4500055381665895,4138.47156949499
25.50904740426891,24.74841525999039,41.489090752778544,0.4484194522802169,4421.854425212661
24.950681235851015,21.22064189091003,45.50292740397313,0.4789056028215707,4652.697002752
26.253537292474178,36.337593864084596,36.55351057272454,0.4229662219244251,4510.586086406731
25.27843384570137,30.765493033455225,41.09707369603936,0.45785836277539965,5053.760095959007
25.2404284503961,27.57134346377627,40.83037127095535,0.45561844667254287,5067.051342401568
24.236110309493338,46.05902993256304,49.77811097488694,0.5033113779092084,4976.901034425858
25.52302449010834,19.79590968080797,41.26506043916309,0.44649194395391334,4376.08839561887
23.881225755103262,48.15254548567747,52.60401640648338,0.5179370216668935,4937.035590964189
24.791562541106064,56.76610359748073,44.95386143947809,0.46744600854297513,4868.691957099886
24.577877660316314,57.72308520164193,45.192057549137814,0.46233367068331394,4831.086844501062
27.133514198701274,37.032439824477365,32.20528929239379,0.40765554295416095,4544.794474070977
24.576925355934222,57.478111505126634,45.20594790218723,0.4623674116766813,4827.091925367831
25.251413493244076,24.751126141190525,42.16557284296064,0.44486284103644935,4337.403381653745
26.202064844284642,36.19638590650623,36.930985276924545,0.42441245447909337,4489.992237371206
24.6742965588206,42.72387025488932,44.25225935000762,0.4383808797989115,4173.583687474905
26.2495486278972,18.073230556760386,37.56613314755882,0.4333696581518458,4402.329480493313
25.28500700020443,34.597305648923665,41.63202299589455,0.4615111212382339,5038.995606705486
26.21073060078882,44.62198510395144,39.6418666244861,0.4370852877984185,4173.21728545744
24.416338816541796,110.61959180998274,50.35733554470329,0.4931527065442245,4863.565389801725
26.230902938662204,43.234443993785746,38.92630083800083,0.4333106165868307,4231.880867166474
24.714126441870313,58.18199533659165,50.28870902068841,0.4903375567260002,4142.829697390338
26.22149668353493,27.906593565893708,37.113015673462904,0.42791066708275444,4464.032227754928
25.54040339222551,19.86015427960273,40.94405718951427,0.4445033596239246,4391.982228829774
27.124615849117685,33.11199455487405,31.909951367105926,0.4063697436322369,4565.27690570324
26.065220443409544,44.22994088312849,41.323792625240976,0.4478336672410565,4144.3122620617205
24.575080069400727,56.63579263374981,45.25865429068938,0.46272052780750245,4817.959831316407
24.59023435478352,39.49558108202309,46.10186051583814,0.47006167824953615,4657.5656155897905
24.3398843796055,106.55427642067303,48.223379260727256,0.4594322354184081,4472.78567950308
26.203051603749643,34.37235447425681,36.81507597082155,0.4243212001810596,4504.603821706275
24.56888433094076,53.807620784977225,45.43562138626041,0.4639061513694008,4787.297890578494
25.166169455620977,51.82052440279354,44.85412471923812,0.481601791853706,4977.12008979402
25.979144736952,22.089587448337777,41.84280252427297,0.45758195664020884,4191.713155391005
27.108489420028484,26.006993560649644,31.37471210000737,0.4040394967259797,4602.397101778848
25.940176410288743,16.578953986603317,41.611846692319205,0.4569466645924608,4226.197717476651
24.418022856029758,101.13202941673292,50.58768802779996,0.5000639693786617,4932.4963925567645
25.79250938015124,18.732120911142673,39.77279764629902,0.4408430244615672,4392.525650276673
25.972078216910408,29.30744370373948,42.08169249032382,0.4569840898000953,4169.003654378705
25.81734980484181,17.526157460151897,41.50973862034292,0.45386836677143333,4270.331670345394
25.6373519850341,19.426363521147785,40.49364359377769,0.44309575980403104,4392.191204209583
24.39903935771621,114.9041375640323,49.77484651699092,0.48217062074613165,4742.362018491104
26.045485909875786,44.176770644281326,41.551900584582086,0.4492913954049494,4140.3920741946295
25.63649352072576,19.43020466904517,40.497631934244836,0.44310822387566734,4392.189353765964
26.211051782582594,44.6228504556791,39.638154141319006,0.4370615631055745,4173.281086964018
25.783436599151706,46.39682194752505,42.62340665050067,0.45087238720368017,4121.63922734293
24.567301307583485,42.27218618853316,46.23940382929704,0.47267200825487155,4738.548119400761
25.46904239346667,52.19050721581212,43.73638496555869,0.47354427774339497,4799.681258306046
24.621201034946345,31.341527863941977,51.82379119948402,0.5056330485373648,4042.5431448605495
26.233134376502708,23.827102388273225,37.300997011717484,0.43017539644181324,4438.4340867267865
26.205797057383506,37.10724819303608,37.18921811214302,0.4255640505845611,4456.587580869584
24.631437050830556,47.822037812696045,46.07201051649127,0.4789688306066417,4966.168292841978
24.60773747107824,52.203167993095995,45.68263873074375,0.47160791227821924,4906.395888278067
24.691482332975692,36.10226022546185,44.46921587519203,0.4435604487071798,4203.541165936897
26.20953055414832,38.01842376363376,37.44753976455622,0.4267160427726396,4423.171435093646
25.291177182302086,53.83016635052426,44.46486704677875,0.48050907493013867,4965.700050832514
25.96272362231859,38.86237579108191,42.39793284219495,0.45619263914599234,4138.9410246681755
25.315721324564368,52.50218457779235,44.13167613872425,0.4785793353177611,4970.00570060629
24.93994334986665,14.324038300799288,48.003736935453546,0.4950359856558322,4395.505126953637
24.20595344045603,46.23692968498068,50.01824670059903,0.504554214820341,4973.513406131767
24.634511327884002,35.18605754070668,51.60391168364973,0.5034421786410255,4056.9078211753
25.283400982833875,54.44076437490908,44.41753504006739,0.4794080013343847,4956.842917447836
24.58659212302476,21.345129618894322,52.39551346228564,0.511329664203842,4005.1926658224256
24.69764721725107,44.28849443416005,46.313041546584,0.48569723613164606,5019.9217818059515
24.472174282740397,96.93147705129985,48.42989705606439,0.46422721673283074,4375.769802358579
25.2528925490878,54.58500372586294,44.45080303425917,0.47866600633442963,4951.374968004964
26.12680393686522,44.395863682898785,40.61195998945846,0.443284687520421,4156.545582066225
26.14047896555094,44.43270795591988,40.45389276774807,0.44227455599523835,4159.262073005531
24.623773278689256,43.12867116316552,46.374748732379786,0.48137073803521957,4923.71906868698
25.974015430186014,27.328743172631643,42.01620328051205,0.45714798880171076,4175.229228860131
26.292267270720554,33.90700826004958,36.14874259031859,0.421386347274152,4525.190728253033
25.983096128832045,18.053572771942353,41.70922222357034,0.4579162663376931,4204.411645931138
26.21453780938772,30.345965851132977,37.00061036439005,0.42655644965917905,4479.338890536857
24.612965957927415,52.332893355040795,47.07654343064208,0.47205085597303054,4526.523141031498
24.730901677336565,53.671896100419396,43.46472966903817,0.42860275591157837,4137.276300819108
24.09816643452701,60.256102832664425,52.09725874270493,0.5184158422632782,5009.065760994575
24.345855794708495,72.75896552402092,51.39861915328794,0.5180361423497528,5086.618005085552
25.259384407259947,12.994581450130092,44.009017089087706,0.4730547320845091,4575.246120013804
26.507504359253456,39.85781255251633,35.58641371624959,0.41976951291420084,4502.790544076752
24.976135036466374,30.331674064076736,43.298110811691316,0.4442225470575456,4271.592819966635
24.772063901898047,30.276680624833773,45.79972518826982,0.4745230479661656,4655.109615236147
24.958449218853012,48.481184409303815,45.500938304555696,0.4834175149622686,4996.096302384741
24.68098755978939,44.01798028343933,44.15916950236724,0.43722505788530425,4169.291977367105
25.500430586673613,23.418148883326857,41.41399036673252,0.44754681275479813,4413.204307122943
24.415990920812945,100.55026447528098,48.28821905008232,0.4614290508676704,4405.396589617573
26.57355124247672,28.800555915036462,34.296831927442504,0.4145307323127364,4564.485548420046
24.451016701407273,72.54258709450194,50.598082609269774,0.5139865395726633,5099.8697537619255
27.148288269641707,43.541617283410154,32.695643533774714,0.4097903759609807,4510.787167982924
25.69130374150636,19.184959570021995,40.24298905692481,0.4423124324705108,4392.307498716533
26.211464258513285,31.4233721472903,36.95096390884514,0.4259583275982887,4486.099439123147
24.610203216456984,42.92286013551436,46.34222571748071,0.4792804567478897,4879.222989371524
26.016215011029765,44.097906825166866,41.89023769259762,0.45145354499705015,4134.577524673164
24.417229556555164,105.60132976007594,50.479176021330694,0.49680828492794754,4900.025106307384
25.954912379420538,18.005458272856856,39.018289336893126,0.4384850899531935,4392.875714444406
24.598005998006997,20.606681901513756,52.2604309767735,0.5109997309992019,4017.84252990155
25.243842569739304,12.489687839657172,44.20564101378801,0.4750109243662249,4588.215377348034
26.31538326193948,37.19483626278166,36.31800349137718,0.4221877604871097,4508.687718720638
25.27880402920879,13.625449134002459,43.7633342810732,0.47061045774952776,4559.040952892899
24.386266840746014,113.101267432752,49.43985963182557,0.4772610354204525,4684.156124846042
25.375699482362343,16.773204032104104,42.53748410348905,0.4584145936928768,4478.184228918269
25.212561028029533,28.333067252855486,41.09746782816488,0.457066595168881,5064.998694845761
26.15670264918255,44.476419003470006,40.26636609731159,0.44107616331413274,4162.484844277189
25.992812209956245,44.034853268788474,42.160746503288074,0.4531822365914323,4129.928649812887
24.727182568127525,35.378531694522046,44.322339609336204,0.44364348697279904,4212.075987568803
26.36140785249247,37.832779701065576,36.142743614540365,0.4216084443372701,4507.274989706496
26.21315819390525,30.82957795576742,36.97832571008708,0.42628797241923055,4482.373477527819
25.30146459543814,44.191241255865265,42.97140715968976,0.47065674838572924,5002.028882759788
27.137364370349047,38.72875295331934,32.33307722607446,0.4082118874815918,4535.932057865909
24.58375267010727,56.637024479287575,45.28858090851783,0.46415840629896005,4845.904130955584
25.415383550854557,51.58337603332833,42.744615437400824,0.44052721095585895,4118.8418836093715
26.22124652114361,27.99428579761019,37.10897485014576,0.42786198474393256,4464.582482190301
24.42058777874867,86.68173623566662,50.93853272085852,0.5105903585679525,5037.483654594049
26.232491574229307,24.052431086199718,37.290613954532375,0.43005030522444965,4439.8479875139365
24.63365958859782,86.53015940232845,48.837115765383096,0.47226985880823147,4290.614862569305
23.982535840619775,54.419302101769894,52.423409654444534,0.5185931002871,4972.8614927268245
25.97721978120425,24.055767945031704,41.90787735750389,0.45741909469352326,4185.526972624256
25.811253082106997,17.573173633322728,41.50467029983076,0.4537155698408196,4272.522339645851
25.83817712711006,17.36554313782801,41.52705276586946,0.45439034407857215,4262.848014373429
25.572735804783655,50.753198384877955,43.29300206857023,0.4689049951539927,4686.868515465054
24.707210901173028,66.3451507833605,48.2798293888094,0.4762858942240959,4349.651738802114
25.20593455238027,11.258204385731617,44.6852254349248,0.47978226307533106,4619.848627374406
24.577374440264116,44.04586323750474,47.06066343082118,0.48924706448055666,5015.236447287428
24.423135557202684,100.0900762731315,48.306235733357205,0.4617848835729216,4401.629057467486
26.028238012912283,44.1303000854717,41.751265954558605,0.4505654435160243,4136.965846952241
25.119664220827293,51.07289965101429,44.998935923581875,0.482008303182587,4981.368559927491
25.314958818530798,52.05768259059005,44.069620383210996,0.47815560416009817,4971.718426533106
25.080446354355985,31.944269196825708,42.36372683234903,0.46393201901425574,5055.267444555183
25.739042917289133,18.130037666909875,41.44464062889902,0.4519058284398745,4298.468835513904
24.37062518717596,103.47228517203402,48.1738199386532,0.4591696480310286,4429.318991075972
24.78625318365881,39.9856995723004,45.18343444700264,0.4792199560245047,5033.597880545154
27.106861594598154,25.289804328183717,31.320684262506987,0.40380427818181436,4606.1440688734465
25.779283868574034,17.819711018239097,41.47809369010869,0.4529143528732058,4284.00949064364
24.69615564773284,46.95164817754205,43.948140539400704,0.43460488064809577,4159.562934336542
25.662964048799942,48.51010393032236,42.83056041896911,0.46400684822450416,4576.365894956804
25.334800763302898,54.05124916713592,44.3103890620824,0.4795502992415975,4945.7287873619325
24.57158057254585,90.52868770100977,48.68057064409028,0.4691780647663646,4323.350564718887
26.100281206217378,44.32440418166392,40.918531510588394,0.4452438385377263,4151.276945404003
25.174788870573934,10.246402807124532,45.07925774842019,0.48370245219565894,4645.838885068188
26.22487948341169,41.76439443419267,38.50953633770338,0.43145204436059276,4285.7929692534435
26.513563893440114,39.94180330674119,35.563339242311145,0.419693240948005,4502.604546120989
24.832784323850284,16.292942737237844,49.337733309458166,0.500038830163065,4277.150241642587
24.722195562234354,51.988041783847095,43.58585518257271,0.430106674183966,4142.860535877228
24.36056465033186,109.4733441726549,48.76576409303275,0.46738145591473745,4567.028156632548
24.352266662362997,108.30206409577643,48.54813140956757,0.46419181991271485,4529.213228978856
27.112940686659886,27.968137820592627,31.52245049120812,0.40468269865489864,4592.15107091681
24.774616897161113,30.147241765355837,45.795483028113075,0.474585688257219,4655.075131526714
25.56020602481173,32.64629542653121,41.934966751644346,0.4536003713211314,4473.210753010987
25.055234203776592,50.0371135568603,45.19956254994755,0.48257149852967646,4987.2545425346825
26.21315948020112,38.90407841264279,37.698626141081185,0.4278357690580189,4390.691234994549
26.228138956263184,25.578203130668,37.220306982828646,0.4292032729368706,4449.421957960387
24.584589072558902,56.48240620917042,45.30232256636996,0.46441818686049324,4848.0136107961425
25.984724247733595,16.390586163414554,41.65418222271733,0.4580540142386779,4209.643891453005
25.488783622053354,21.620087678808233,41.31248055413964,0.4463673051736771,4401.512331722769
26.222776942005986,44.65444124681671,39.502625111233506,0.43619546231386436,4175.6102440040195
26.144116148211808,44.442507522272855,40.41185122097922,0.4420058887073647,4159.984585109156
24.632558879247462,57.51784933364857,45.127247360997686,0.4635788836995436,4840.194132809379
24.664539818113184,35.728235891254656,45.97839155350781,0.47188483707679924,4656.561959984245
25.842332887823847,17.333495105815636,41.530507528072945,0.454494496343494,4261.354769918707
25.15204054026006,51.59338595512247,44.89812030938109,0.4817252954589344,4978.410832120029
25.97174534451596,29.647444875514154,42.09294553631261,0.4569559269468864,4167.933910582016
24.628904010448423,33.56644643304043,51.69654181948814,0.5043651412705008,4050.856316498926
24.7079056723887,49.22422664730885,43.78466604431589,0.4325751490659276,4152.026289248957
25.91115533452481,16.802756180514713,41.58772092508701,0.4562193342721046,4236.625546083531
23.91012816606602,50.76430774883235,52.62764478179845,0.5187040989498868,4950.19044360732
24.18572547139941,64.67590760183562,51.850287255817236,0.5182816170438159,5036.480744807058
24.744381195504946,56.2789768231827,43.27719326029854,0.4262742668623982,4128.630332205242
25.976945423850033,24.33600092161718,41.91715225075391,0.45739588253768665,4184.6452771678405
24.811970944044614,28.253362330704444,45.73341403344061,0.47550220714099883,4654.570584527552
25.51378956751433,25.480511564486097,41.53042135847903,0.4488996990811007,4426.614914989767
26.23577167301447,22.90262123188912,37.343596737369936,0.43068862211766357,4432.633118422503
27.13580532082748,38.041865091195234,32.28133207414541,0.4079866069620027,4539.520714946285
24.737410215414073,35.171193000135744,44.28026149316834,0.44366727634248887,4214.521101583697
24.877415260666716,32.33295831361552,43.70425917384947,0.4439929261900678,4247.99197603918
24.747842307428474,56.9483923069146,43.22903986992683,0.4256763848675634,4126.410322210367
26.664694481060344,42.036613179852694,34.98783975705009,0.4177909450428987,4497.965578919103
23.893812601149918,49.94073071779457,52.67366492398679,0.5187291101921268,4945.081993765436
24.381198796485858,112.38590133521916,49.306939208658285,0.4753129467400763,4661.060438546825
24.382446983046474,102.710839705664,48.20363105013892,0.4597584227952102,4423.085084466267
24.632058195207602,34.47749752481242,51.6444362331612,0.5038459634831493,4054.2603620232976
27.147071143753113,43.005374535513134,32.655246892647625,0.40961450293783747,4513.588777154019
25.971673728531325,29.720594584230973,42.09536657807538,0.45694986783686004,4167.703760060121
25.23475870579762,54.67073784804845,44.47057712683545,0.47822497349861537,4948.124885121623
24.574586968027685,56.41070640216582,45.272738603378414,0.4628148882473536,4815.519533815835
24.572614599496966,55.51037834764587,45.32907479841503,0.4631923229337713,4805.758526731222
24.74038999482953,44.97563339000489,46.179946140752946,0.4853236131752075,5016.017029689995
25.271317075539482,24.347633270238024,42.0836864399084,0.4449091365005098,4342.16171234834
23.89443221558532,48.07463865631915,52.498854860434854,0.5173927517517306,4938.519119613615
25.010359512969806,33.86001201950342,43.035477301183185,0.4675741267281094,5050.105015760253
26.22380957972527,41.50327994464838,38.435509411845544,0.4311219193420392,4295.368994037665
25.30460681057737,14.463680741308984,43.43689642363613,0.4673627592909014,4537.509206015254
24.181430685889246,46.381592977467456,50.213518612184714,0.5055648563594392,4970.758677943084
24.588995115014825,55.66790039170428,45.37471155541835,0.4657866718297862,4859.126033672561
26.23087955165477,43.228736296368105,38.92468268462185,0.43330340038937193,4232.090189337861
25.57645745812109,19.38384999130078,41.30948027250376,0.44783108858309334,4356.888906360571
24.41984866776445,90.84574879499252,50.837432923784306,0.5075570625483263,5007.230408364741
24.571386414320056,54.94974804266018,45.36415509836408,0.4634273498467907,4799.680390710312
26.230552717040627,24.732080464970927,37.25929598025505,0.4296729978998467,4444.112676390558
26.239022478932146,21.763079735302057,37.39610635834919,0.4313212385325107,4425.482681599136
24.571029534587662,54.78684297184912,45.37434855151218,0.46349564275847854,4797.914237204017
25.96361229315944,37.954673223219096,42.36789053767292,0.45626782563444657,4141.796924211523
24.419533577066993,92.62091064426012,50.7943330291087,0.5062639369165326,4994.3331349397395
24.70793086613309,49.22909938270673,43.78431553146476,0.4325707970292168,4152.01012959692
24.529938323947412,44.32569578039758,47.43839184163805,0.49120202062027546,5009.907779725903
25.706266830592917,18.382797425717985,41.4173932503095,0.4510843895025071,4310.24591150008
24.4189271530305,96.03738984450698,50.711382906136656,0.5037751853550047,4969.511022851992
26.212099182360685,38.645308270167305,37.62526384630893,0.4275086079792334,4400.181283984502
24.649625423968406,57.78339136226449,47.5445984710709,0.4736982042083902,4457.723575342837
24.654566383108726,38.90784655785275,44.52675924314827,0.4417891246270745,4186.238923205148
25.04178481738276,33.00103763588329,42.73428006422482,0.4659410906067929,5052.419728382227
23.86307067510339,48.38893987806709,52.760376466926296,0.5187762365872731,4935.456609167404
24.625599382781232,48.90119549993543,45.97610066253089,0.4771556930662883,4951.445185512618
24.65566820324593,43.555089118578515,46.435032037650345,0.48600588837740644,5023.9793037947165
27.132227367410888,36.46548618911163,32.16257911564382,0.4074695975959723,4547.756532785348
24.557597449814534,48.655492484548816,45.75800532545838,0.46606602178518264,4731.440516603706
25.959627717786823,42.02458204807936,42.50259263571946,0.45593070842920325,4128.991792700493
25.375234419967622,53.4907926149495,44.13749869614547,0.4777412820918281,4901.7391871211385
26.242683557275726,20.479720838949653,37.4552430281674,0.4320336951709079,4417.429814075175
24.405543184195633,115.82216762233203,49.94542343453052,0.48467060497936093,4772.000736782154
25.892763455927717,16.944589061337737,41.572431409784215,0.45575839439996507,4243.234100477901
24.547112970818894,43.86963708795469,46.057470483392734,0.4680723436161926,4679.554131193895
27.132681031565767,36.665362073203596,32.17763631574823,0.4075351514447218,4546.71227789864
25.290239077386783,53.815085242826214,44.46778818250011,0.48051727508819486,4965.785751092547
25.863464614950725,18.414635899464503,39.44314662696481,0.4398128230648182,4392.678596252597
25.158890219696772,29.80009678104125,41.61187809330417,0.45985563318473954,5061.045431709568
24.407716814284502,75.88158586241335,51.224132218177644,0.5179413113737011,5105.986866494697
26.530804551813596,29.576582851144657,34.57826656357718,0.4155725792769679,4558.513919422292
24.75468537596914,73.40361502778923,48.885966619373086,0.47841923114156626,4260.555426171223
27.12627561997994,33.84325834311093,31.9650394796044,0.4066095782475426,4561.456405857511
26.664750160915233,42.03738495419428,34.987627730296715,0.4177902441949657,4497.963869820867
24.550612410115733,45.46702790258614,45.957517005289965,0.46740268693029885,4696.872421988272
24.589539601461745,22.19647589471888,52.346822563092694,0.5108445102100161,4008.373630650945
24.58934838942464,48.82145350166451,46.775002705307045,0.4709895650160639,4570.846712296724
24.240752036242608,67.45353835717917,51.69507777632685,0.5181972630695586,5053.709718974864
24.549623577599938,45.01565502711871,45.98576074402376,0.4675919110457246,4691.978812583211
25.587312835889165,19.65026074163531,40.72612054306634,0.44382227986258516,4392.083343436208
25.90561668509629,16.845468652770798,41.583116541432176,0.4560805238539122,4238.615688951563
24.417073194774677,106.48224268336432,50.45778796917772,0.4961665794513722,4893.624915338906
25.141113943510927,51.41772843573564,44.932144299188685,0.4818208069725165,4979.409027702851
24.386552866417915,113.14164061384508,49.44736127375969,0.47737097987735294,4685.459578180837
24.71230921842215,81.46431283236782,49.03544712795137,0.47618693856159516,4249.141092206243
24.55740710432472,48.568605383147506,45.76344210893539,0.4661024465147093,4730.498520396787
24.11034583395052,46.80093284809192,50.77955922092045,0.5084944336210091,4962.773463847715
24.703548812326243,42.246327996278424,45.976118196455225,0.483517741783461,5027.506074728407
25.597364482775042,49.01892520115248,42.68468470703711,0.44564230190041276,4120.2250081939665
26.893094589070454,22.99953973427315,32.19303011067559,0.40674263783280007,4609.125128349082
26.200605344028403,35.8401887373269,36.83000205887475,0.4239621171680951,4503.055292301953
25.635578721773975,19.434297882980854,40.50188199990657,0.4431215058718518,4392.18738189146
25.966263862474488,35.24631804208347,42.27825188952293,0.45649216312424334,4150.318207062181
24.659514229996557,39.86481223565471,44.457921364468454,0.4409344199446505,4183.065298720651
24.416313632036623,110.76147658519396,50.35389066508839,0.49304934986175486,4862.5345391547835
24.519736561874655,62.75677495752983,49.19526920602161,0.5045522877511054,5074.1838989037715
24.34263058088296,106.94190904384102,48.295404329405564,0.4604878385954981,4485.30044850724
27.111030473705174,27.126533962272408,31.45905015774148,0.40440667550039955,4596.548044297141
24.67718556710926,61.88100983548616,47.896476588924315,0.47493666068559515,4406.0008940498865
24.62343793417622,49.30076324821471,45.9405891846089,0.4764843627381201,4945.993823850806
24.353824622682833,45.364616094491296,48.840765258078974,0.49846008869813235,4990.124301651872
26.60013022261524,41.14169277908778,35.23369797864842,0.4186036218569728,4499.9473847339095
24.348252783762504,107.7354959043775,48.44285876104035,0.46264893846483524,4510.921502182195
26.212108331235154,44.625697087149476,39.62594168356479,0.4369835191667742,4173.490966219672
24.550060858895602,45.21526103992638,45.97327080414956,0.46750823239939904,4694.142863448188
25.261021819169073,13.04777456899594,43.98830175504208,0.472848637243126,4573.879742557897
26.224941615412167,26.699002917162762,37.16866097242996,0.42858106098160853,4456.454793613127
25.97380379109235,27.54491471776339,42.023357927439115,0.4571300829590288,4174.549089529381
25.97628613702193,25.009407001034816,41.939440025649695,0.4573401032106166,4182.526543363634
25.210652671666757,54.784707602970876,44.49686360912841,0.4776386911301818,4943.804421573977
25.662089928475726,18.723476995781485,41.380668158993515,0.4499772217107061,4326.119518922779
24.403234076969742,101.37193666586793,48.25605002109714,0.4607937068126934,4412.12356866747
24.342663387214895,106.9465397330074,48.29626474642235,0.4605004489123393,4485.449950901475
25.025217541810935,49.554561440934556,45.2930305001452,0.48283388002712213,4989.996704625324
27.040105679862137,47.240159980734454,33.558288300434484,0.4130656065296505,4486.442297855457
27.155262830096273,48.83634470461071,33.11977428598222,0.4116161118986591,4482.907538602477
26.236878265092766,22.514715086474723,37.36147129896531,0.43090396819829707,4430.199070698494
25.96907621455747,32.37373677788632,42.18317783756064,0.4567301037291299,4159.356193525043
26.022202953798455,44.114039983149546,41.82102412830022,0.451011234424937,4135.767006073903
24.75117244192813,78.96112079020406,49.133448810717745,0.4781224892601266,4228.647614857965
24.89130968471153,32.051285348173174,43.647095373352364,0.4440252444330584,4251.313702924065
25.034824362532856,56.946164963380504,42.869942799240626,0.42983051412334883,4115.949488435293
25.97336034792647,27.99785463867496,42.03834891624534,0.4570925652044914,4173.12400717411
23.98331656002542,47.5502969930604,51.791078912933116,0.5137296147080503,4948.503813971458
24.669308168742504,60.70980499436588,47.795900764745596,0.4745826779438884,4420.784567815979
24.56487194803981,51.976086345572185,45.55022592499114,0.4646739655270621,4767.441105544424
24.74688704918427,79.23714423978552,49.122642303631466,0.4779090588194535,4230.907401648715
24.576950738682594,57.48969798103401,45.2052229020462,0.4623625544050692,4827.217541439495
25.14443305921034,51.471087010569335,44.92180900803447,0.48179179393474425,4979.105811000882
26.08510104398117,44.28350466658506,41.09399630301667,0.44636514956270384,4148.261465574338
25.664936788681302,48.814655988556716,42.84775395069008,0.464206630890762,4578.346258675236
24.532414556950446,93.05138267371564,48.58180540823656,0.46722743375829295,4344.003711344854
25.5442577663493,30.18419944222207,41.79596875684594,0.4519852645207387,4457.200861017842
25.01366407219378,55.7160404917642,44.71167029627786,0.4728477353874632,4908.498652955854
24.703993204800266,55.25512281620779,50.4561051306938,0.4920054842579651,4131.89374945789
25.26519845768169,53.412528688183016,44.54576138945402,0.4807361600295887,4968.073328510716
25.65728855225029,19.337158527416985,40.40102026974227,0.442806300126383,4392.234178032981
24.644342185947796,45.436380449351795,46.28403518352873,0.4829770723817294,4998.716167751202
24.419041221453575,95.39474975869682,50.72698583272285,0.504243319777408,4974.180064665829
24.931365042521946,48.04577534844238,45.585274878934044,0.48365426303075665,4998.570568233365
24.94516603532425,56.039889053178655,44.78636414361497,0.4711817960184692,4896.221922997971
24.5441463820735,42.51547683234992,46.14220430445672,0.4686400334142252,4664.872851651066
24.394451040244267,45.1249549540442,48.517261705633665,0.49678577657872863,4994.68801154657
25.682505836180564,19.22432527831677,40.283863256930644,0.44244016954841225,4392.28853458767
26.228635176136553,42.68098702208931,38.76939373460422,0.4326108852415164,4252.178161610821
24.376319401461934,111.69716351103978,49.178966519769396,0.4734373723122999,4638.824449471424
26.227229053850998,25.8971614390965,37.20560951026277,0.4290262032450971,4451.423369265317
24.345287660268635,105.10428298386682,48.10992610664326,0.45790773346295405,4442.680055519244
25.981683333108744,19.49662485260162,41.756983033755546,0.4577967359734056,4199.871379191688
25.777036027167917,17.837045724999985,41.476225017183545,0.4528580171528032,4284.817183132681
26.2330185054545,23.867719967738324,37.299125369737624,0.4301528475942479,4438.688955405771
25.866522059512477,17.14695516715689,41.5506164423822,0.45510072879802305,4252.663137032205
26.35262422072831,37.71103043223076,36.17619134764718,0.421719004793628,4507.544604086411
25.850106281952577,17.27354892482984,41.53696969711448,0.4546893142505865,4258.561640459017
26.2400654425101,21.397478002498953,37.41295314144252,0.4315242023194026,4423.188590422334
24.676181393851568,43.08841719295028,44.22603621737346,0.4380552882106743,4172.374725528603
25.972522469056024,28.853677478023933,42.06667415324138,0.45702167599881127,4170.431336532186
25.18946275760728,52.19499082991487,44.78159243058839,0.48139818055733286,4974.992138000253
25.354813446303496,53.77385057794774,44.22481678460962,0.4786549242063595,4923.956086162983
26.206182926275165,37.201421117155704,37.21591648527347,0.42568311268018244,4453.13391479021
26.200130905683423,35.39617955940256,36.767898516265426,0.4237528237272532,4511.028156942367
24.54599162668877,43.35777656929551,46.08949911325266,0.46828692530492244,4674.004738254419
24.882236728144242,37.362100294513745,44.26347586799945,0.47423210950639444,5040.667798436883
24.75797857637363,58.90885343301461,43.08801706390003,0.42392541788613874,4119.908764657136
24.98298461915502,19.58283505568514,45.44925079612253,0.4796981986251909,4652.260675861912
25.95467788096676,18.00650752235265,39.01937879357013,0.4384884946439863,4392.875208976487
25.8173762241195,17.52595372227685,41.50976058318638,0.45386902889512093,4270.32217739269
24.565413214225945,52.223158393596925,45.53476589459917,0.46457038821376984,4770.119764727677
24.56751166296695,53.18103834507513,45.47482850678011,0.46416882667484305,4780.504727126268
24.61325143299098,52.37533754294442,47.080188274848766,0.4720636842243117,4525.987384172234
27.12798238294635,34.595225967571665,32.021687269031226,0.40685620315750815,4557.527738474469
25.964682238386448,36.861814106673975,42.331720092043106,0.45635834894269467,4145.235380774704
24.437593772508002,99.15881822937729,48.34269512354397,0.4625049630261718,4394.004905862808
24.551706774483257,42.03567092219446,46.20202881776932,0.47026988509831474,4687.413823195017
25.280956579297335,32.23611758883243,41.30238372948752,0.4592602675211121,5048.093581799057
24.693640070525362,46.46510906224701,43.98313899479839,0.43503942837501136,4161.176463938264
25.01590821208289,17.913583106749076,45.39454362288338,0.4805060118919673,4651.815971702676
25.718131438879823,18.291300977202148,41.42725652278635,0.4513817419995824,4305.982730399903
24.574745662537723,56.48314576492294,45.26820585773295,0.4627845202853321,4816.304893251795
25.964486854892346,43.95853700361798,42.48815423908209,0.4552745418267337,4124.301928863917
25.836413090525035,45.650284351776,42.6059602082465,0.45236144195484695,4122.0418689101025
24.671352667071183,42.15449059799458,44.29321681447396,0.4388894157580513,4175.471944558739
25.317050601703446,53.27708510821516,44.23985796748427,0.47931802605094836,4967.01990466528
24.59493578236361,54.5697021415461,45.47231363437092,0.46763180020875916,4874.108914207245
25.187588851616326,26.0450031682342,42.428157248693594,0.44471438578056666,4322.144884624344
26.216832574289185,29.54155614586213,37.037677245115596,0.42700301767389437,4474.291350982688
27.12532616520907,33.42494644940555,31.933526894090697,0.4064723833341359,4563.641883315955
24.346397955282832,107.47368260066852,48.39421187207002,0.4619359671134022,4502.468826059747
27.122033068395478,31.97407000272153,31.824228380747073,0.40599653535691604,4571.222011485701
25.98452271560832,16.596434289863343,41.660995194630175,0.4580369635016518,4208.99623263707
24.598959417853717,57.676702604982324,45.16388597364484,0.4627617118787007,4834.1721862965605
24.609288299823515,42.908984006626625,46.34003296060219,0.47913952643484664,4876.222988163491
26.233114947344,43.77429400565559,39.0793503178393,0.43399314475865186,4212.0825897807545
25.666657212950028,49.080255501714824,42.86274841068826,0.46438086113305005,4580.0733316838405
25.3632132057306,16.367573663005796,42.695451313799026,0.45998619408709923,4488.603700526331
24.694075089967228,34.230774474673304,45.929314551568076,0.4726095144986654,4656.1630224118335
25.492642376503426,20.030207807305967,41.23980321552271,0.44573050310998613,4387.0052712014285
25.484355809290015,20.094111431604436,41.23291443602429,0.44552282398619997,4389.982793583567
25.191419806427433,28.910938116284807,41.30009681303648,0.458165212323748,5063.441483120991
25.498972327184166,19.981393047259697,41.24506542282188,0.44588914523248746,4384.730798631022
25.238294425944854,52.98001565737375,44.62953701718277,0.48097133341903864,4970.531137310328
24.075077309770613,59.09061007075776,52.16238457866328,0.5184512371573784,5001.836490275627
26.20042597710562,35.292744860880504,36.77266474621999,0.4238102454958731,4510.379121098265
25.587691548733105,19.2972159138455,41.31881938375433,0.4481126389566981,4352.852282342594
24.415565781624366,114.97472544177667,50.25159543942447,0.4899801874122459,4831.92357118398
26.21083814539862,31.64285060702848,36.94085042831944,0.42583648414041414,4487.47663062091
26.738553148102458,43.06036268927345,34.70658878374204,0.4168612785731045,4495.698480382807
24.613017937368152,51.22701523127122,45.76939404920803,0.4732479869758399,4919.713684233321
27.116074562008233,29.34886428784953,31.62646441365498,0.40513553934856333,4584.937442483398
24.74388728324335,56.18344899200539,43.284064910354196,0.4263595866251682,4128.947135065582
27.129578236827932,35.29832913768806,32.07465396471131,0.4070868018566885,4553.854364247312
24.54916949896968,91.97219176401147,48.624056471437356,0.4680618997856462,4335.168442580029
24.48819225872105,95.89975434821108,48.4702897064675,0.46502497877626076,4367.323152844953
24.347092105897335,107.57166355559033,48.41241747341939,0.46220278935984904,4505.632153768422
25.659862146505446,18.740657009939476,41.378816161855426,0.4499213887227319,4326.920003672157
24.54425489694371,42.56501066969432,46.13910482543067,0.4686192678851814,4665.409878276882
24.080816593944828,59.38031763802803,52.14619619198375,0.518442439017228,5003.633476496029
24.55254667028177,46.34996061272943,45.90226928851259,0.4670325447039094,4706.44483550541
24.62707537603299,54.43066955236863,47.25668746914087,0.47268488389346414,4500.043709042552
26.20693232226904,33.01200264107625,36.87776044468467,0.42507639944516257,4496.067836075352
25.44481164579562,52.52637298746924,43.83999327549986,0.4746283705933723,4826.042982461335
24.773757325946608,76.23921621275542,49.12947050204773,0.4792762578943596,4224.762709664699
27.14599937950717,42.53317539019167,32.619674832253565,0.40945963447287637,4516.055789456384
26.15282768300091,44.46597878318053,40.3111561414592,0.4413623949257108,4161.7150974075885
26.2289749448193,44.671140364097376,39.43098350028196,0.4357376352643726,4176.8414530106775
24.706048393014406,48.865009263346785,43.81050580353658,0.43289598061422896,4153.217576576646
25.345453138832177,15.790618442191445,42.920138648991454,0.4622215865072875,4503.424012318473
24.39479819641904,114.30548789752947,49.663612888119026,0.4805403748582608,4723.034537152019
26.20569353259449,37.08198253334935,37.18205520395036,0.4255321074074996,4457.514165157465
25.978858343309284,17.89831347027326,38.90703875154628,0.43813741771288034,4392.927330633497
25.148526168030887,51.53688840861719,44.909063603770996,0.48175601527212103,4978.731886416815
26.361058513793278,32.658166378616045,35.69583645505786,0.41970972747857915,4534.800730233349
25.878108879078212,18.349111003652762,39.37511082085877,0.4396002025104485,4392.710162369954
26.234470577962885,23.358708688301075,37.32258040795911,0.43043542518504097,4435.494992740175
24.594589955687404,89.04664633698943,48.73859357847043,0.4703240280600568,4311.217184374441
24.336577508038015,45.46635932988606,48.97810207466127,0.49917088366377016,4988.186871957499
26.604290244530983,28.24251754497459,34.09445322340529,0.41378154365094927,4568.779726827349
24.35067502263895,108.07740048993116,48.506387215004494,0.4635800148118734,4521.959935621304
25.89579165880132,18.269990449084002,39.292958371122594,0.4393434656478248,4392.748278091922
26.224035869176358,27.016504314422324,37.154030633753905,0.42840480009401044,4458.447063038359
24.63963896238746,36.66711758292137,51.519205674753024,0.502598171666448,4062.441644528961
24.396894504130636,75.33529732681399,51.25465793117922,0.5179579016310565,5102.598370363632
26.23611073485291,22.78376607885978,37.349073535762706,0.4307546045509674,4431.887321744266
26.204901548402006,36.88869546389398,37.12725760315531,0.4252877360686992,4464.602709997717
25.14145598821069,10.621511855911422,45.49515563474258,0.485628132361948,4618.071588096103
24.353124112074287,108.42309509359495,48.57061988295466,0.46452141215595655,4533.120730281669
24.57003183087525,54.33142065680242,45.40284567568341,0.46368656447618395,4792.976725347817
24.192027844743535,64.99403878233312,51.83251060395676,0.5182719557058723,5038.454035850232
24.42977055180356,75.56807095378035,51.031791048559306,0.5169033313739948,5107.811060849919
25.974281961698125,27.05650363596867,42.00719294678278,0.4571705388478435,4176.085774600953
24.74342544472468,56.09412456037393,43.29049032824579,0.4264393658813539,4129.243365337854
26.23305704047891,43.760161591953484,39.07534372615937,0.4339752772579101,4212.600877157715
24.005242177229878,55.565472484913485,52.359363521518915,0.5185582921950568,4979.9709113869885
25.960900865084668,40.724169096063186,42.4595527641888,0.45603842376114584,4133.083274742424
26.010642124085848,44.08289194126451,41.954653700518016,0.45186519669575603,4133.470492487942
25.301606396320306,44.273903911809455,42.98294747607763,0.47073554835492437,5001.71037243117
25.15628687463183,51.66165062886839,44.88489778083886,0.48168817742187897,4978.0229096671
27.107518519646895,25.57923313468587,31.342487730570586,0.4038992029512101,4604.631943251505
26.22717172228432,44.666281988665524,39.451826628496164,0.43587083366353957,4176.483249909946
24.602483010768644,53.17451326101551,45.596310677028455,0.4699759148502856,4893.143681670496
24.655399150204907,39.068912481418494,44.515173209539064,0.44164527014802274,4185.704773683903
24.384013240007945,102.6099566185642,48.20758069208884,0.4598364289275472,4422.259160915266
24.20368406342264,46.25031706985419,50.03631749236967,0.5046477412915038,4973.258478942915
24.0724866686763,58.959839698300044,52.169691813940275,0.5184552085278029,5001.025353170865
24.61968727087632,38.00229516704217,46.052920359561256,0.4707843349904678,4657.167790409628
23.866572482894274,48.23898726764305,52.72069875011823,0.5185409181638301,4935.389536810664
26.212085509444755,38.641971337592864,37.62431781355252,0.4275043891213295,4400.303661525067
25.137654025713886,10.691367855031721,45.542485331300895,0.48580563142946415,4613.87240066417
24.736062685334403,44.90606694868877,46.19342081521353,0.4853614390316116,5016.41234959817
26.24236778756915,20.590411139484168,37.450142462944854,0.4319722454551299,4418.124377637188
25.715456622937015,18.311928388852188,41.42503289788182,0.45131470538273194,4306.943843021414
25.047681413845417,56.76498512442771,42.865708660711086,0.43019189806642755,4116.047206935622
24.76537535504168,74.99299195889344,49.0224524749332,0.47889960142686966,4240.493324977786
24.646586918761606,57.45152684290664,45.11195045192124,0.4639200593647809,4842.708342863043
27.153721241238014,45.935282265274935,32.87596490059989,0.41057543291215365,4498.281425402682
26.23783582130675,22.179052155872153,37.376938513907035,0.4310903114603817,4428.092840617002
24.01077023396201,55.84451771407156,52.343770928915106,0.5185498178598588,4981.701761693698
24.178913470461104,64.33205144135027,51.8695013776316,0.5182920596246572,5034.347887912725
25.12731956286066,51.195968015530084,44.975098192099956,0.48194138634458306,4980.669208722524
24.7215954694774,32.835469678096246,45.88358557621693,0.4732847545225516,4655.7913003079075
24.564185542528044,51.66276247663262,45.569831528194975,0.4648053168668617,4764.044169850659
25.96180365135132,39.802048807193266,42.42903327520091,0.4561148044930146,4135.984536681228
24.426326888839696,99.88452163208518,48.31428333832864,0.4619438252051903,4399.946194423356
24.569402270910576,54.04404510331367,45.42082761587601,0.4638070377874071,4789.861111211985
24.898838129556786,47.52286808134418,45.68655942165201,0.48393858712185145,5001.542053462492
26.24760768656464,18.753610513887686,37.53478150852011,0.4329919452466986,4406.598753629828
24.509496972396377,94.52751126280532,48.52401396304433,0.46608604241731333,4356.088684169195
24.023551040724133,56.48966723488475,52.30772102518824,0.5185302252894762,4985.703468690598
24.632931584873813,43.267571072032986,46.396698206405226,0.48278144903370696,4953.749050230787
26.22847059321459,25.461950706654612,37.22566384849887,0.4292678104652685,4448.692492981744
24.732475132330396,53.976218861167055,43.442838671513606,0.4283309529675306,4136.267062779435
26.225892580249056,26.365650535977576,37.18402171816936,0.4287661215422794,4454.3630618519555
24.773360180501584,76.18016896819762,49.12439989007758,0.4792584115665569,4225.508040600571
24.579190231987354,54.290482351296454,47.981611251259366,0.4963901510450033,5051.961526347818
24.640323336451516,46.17930935368892,46.218007573698884,0.48172884674965044,4988.580279246696
25.270903977940215,24.35600773940831,42.0853859870558,0.44490817564106366,4342.062953493915
24.553208607683363,43.448221710943194,46.31358280941747,0.46936556957621756,4638.670975888087
24.659863639412773,39.93239169524648,44.453060138252575,0.4408740620009033,4182.8411821900545
24.42031426787282,88.22264517419585,50.9011203502723,0.5094678756543554,5026.288323919587
24.676285531373132,43.10855848595456,44.22458738392369,0.4380372992087277,4172.307930133417
25.395983964220218,53.20318028921599,44.04877567194306,0.47681293960442706,4879.164821304584
27.097024685055146,20.955847213650017,30.99419535258209,0.4023828582318097,4628.786900029352
24.78819191296363,56.782039427540624,44.95753694895846,0.4673640315641106,4868.0878479402045
27.11158044508452,27.368840995988975,31.477303813053375,0.4044861456111204,4595.282107162246
24.702451118572792,82.09927604096427,49.010587883479104,0.4756959640533515,4254.339496448977
24.588497357075784,48.69492274106002,46.76413702657608,0.47095132259767863,4572.443862018512
26.249835367220797,17.972716602309582,37.570764790783,0.43342545846951497,4401.69877184135
26.20179429130266,34.81309432271129,36.794766853108754,0.4240765234723618,4507.369392290017
24.651727876968728,43.55264597632386,46.44174679036799,0.4856767590893787,5015.381877669327
26.224962758973437,26.691591227242448,37.16900250016695,0.4285851755809622,4456.408286469079
25.067393190732894,32.30106234129617,42.488835463443806,0.4646103350430793,5054.305979800601
24.904264813680637,14.979583902450614,48.4478902622546,0.49670167986209557,4356.098935843647
24.617064461137257,43.02692154617282,46.35866988399545,0.48033733704198756,4901.720932436972
25.54724932808987,19.829522543494942,40.91225164701469,0.44440396325508097,4391.996985434341
24.44655971286766,98.58131928476807,48.365304602726624,0.4629515042690376,4389.2769579704145
24.71106834291573,81.54423800101729,49.03231800286185,0.47612513778346705,4249.795434584169
24.562432128431073,50.862380662530285,45.61991379071769,0.46514085218368717,4755.366741086081
24.605055912094794,50.607170356701396,47.45360199029665,0.4928391639211971,5042.293548262175
24.422262102301957,77.24891159473977,51.167556203244146,0.5174617474097255,5106.016965297138
25.762931646646468,17.945814653145117,41.46449977983595,0.4525045311660487,4289.885157313937
25.302222821821694,54.007737618376716,44.430472373390316,0.4804125228404787,4964.690980137304
24.653736525362504,43.69973261150683,46.438379300684026,0.48589488636424866,5022.409510079422
25.959543190441355,42.11091962664286,42.50545015746582,0.4559235569463457,4128.720149257008
25.970730974983656,30.683538091260754,42.127237196381344,0.45687010565105524,4164.674056256957
27.147209698887494,43.06641931871147,32.65984556406876,0.4096345239649009,4513.269847667091
24.674070707362883,43.90947511663212,46.38645570751185,0.48590332300353356,5022.075605962647
24.55005962811674,91.9148582750106,48.62630111679669,0.4681062319314887,4334.699056876357
24.4609595903138,71.12670466580809,50.395113369661026,0.5126215234457391,5096.153337581992
25.976457038427615,24.834845580020342,41.93366255233014,0.4573545624186549,4183.075764992184
27.149572085538967,48.75746571610341,33.14144442314671,0.41168774187270224,4483.082216526856
26.225041861648435,41.804023525052784,38.52077133188558,0.4315021471119885,4284.339625331721
24.392450975209993,113.97417222817711,49.60205193474963,0.4796381343029387,4712.337968231898
24.637935643102157,46.62070095234776,46.17877901213899,0.4809872464376773,4982.558308631858
24.95477440751657,48.42210762095018,45.51238118529218,0.48344963720498796,4996.432013542383
25.72263658733322,18.256558567376675,41.43100173760255,0.4514946506696302,4304.363944235574
26.246565457856704,16.700473781227036,37.66329791349584,0.43425056927800765,4393.504380741389
26.23878494102473,21.84634656493362,37.392269455807956,0.43127501295547377,4426.00516735902
25.033623408640512,55.62167570861906,44.689905590344146,0.4733331660054084,4912.075914362072
25.76620995046499,18.849796157580286,39.89498220151162,0.4412248667494977,4392.468961126802
25.537307574745295,29.111227187683166,41.735393948712655,0.45128140699610014,4450.223809750838
24.21227339091287,46.199647378910626,49.967921652347506,0.5042937545021771,4974.22334863138
26.213681796222193,30.64603375689034,36.9867833540999,0.42638986697366965,4481.221767649507
24.746377732259287,67.49742089447443,49.75593351011376,0.48502900479838706,4177.635794396656
23.948379494476097,52.695158175846046,52.51975200693121,0.5186454608796891,4962.167043472122
24.810369874372686,39.3264976989092,44.95228694522683,0.47796671670676105,5035.3742581949
24.350940569210564,73.01563475425873,51.38427689503429,0.5180283475521187,5088.210062463564
24.94197238215345,56.05498817181457,44.7898466703163,0.4711041232443095,4895.6495326149925
24.685428608302168,63.106578138777365,48.00172081082569,0.47530707413755197,4390.531010953613
24.700392060573527,47.77101502082667,43.88920062477195,0.4338730710400575,4156.845634504424
24.59340472613262,54.852734867508964,45.44715917572776,0.4671562651996869,4870.247457025086
26.247418211917868,18.82002918913671,37.53172096226206,0.4329550729218726,4407.015519971977
26.41624411472205,31.656322443057665,35.33250682003048,0.4183647122293279,4542.510050642776
25.52185878405891,19.80489927076807,41.26409136575457,0.44646272886342975,4376.50725613901
24.18165191583344,64.47028267765792,51.861777241442745,0.5182878616749741,5035.205302957885
26.213871699231962,39.07789845929012,37.74790476873691,0.4280555283912699,4384.3166171876455
24.753552749007433,73.23521702136966,48.871505640651804,0.47836833484578817,4262.681050231474
24.64158180670195,45.40582768328102,46.70798035817952,0.48782468214856356,5028.641034693859
25.51642879876646,19.846773756443323,41.259577316644,0.4463266418012404,4378.458353900794
26.247243246257437,16.69744105701819,37.66014897546716,0.4342407284458392,4393.505841733078
24.717690068197076,51.11663180432227,43.64853874149479,0.4308849656181181,4145.750428494283
25.652287498979497,19.35953544520985,40.42425466975688,0.442878910583939,4392.223398123996
24.674522170423,42.76750591397526,44.249120484867575,0.4383419070300792,4173.43897675091
26.244508154536696,19.84012427548602,37.48471538457364,0.4323887671767442,4413.416450074666
24.96624299652894,20.431648435748354,45.47706935320758,0.47928742617716746,4652.486807597611
24.10604322222602,60.65370729568041,52.07504125334677,0.5184037673981892,5011.532005656191
24.41974761414539,91.41506591776667,50.82361023598899,0.5071423406093764,5003.094087723904
24.09379053481711,46.898594963260116,50.911387189097915,0.5091767172099451,4960.913748248854
24.670433336551532,57.338784515548184,45.08594706888516,0.4645000276094386,4846.982276030316
25.508917520352384,19.90469857638534,41.25333304933605,0.44613839307539593,4381.1573001617
26.194470975101353,16.93356747068759,37.9053237399274,0.4350069307931114,4393.39208963943
23.894107247203614,48.07655569202261,52.501442546778485,0.5174061444782513,4938.482614760171
24.578792667869195,57.55393590671322,45.20709064797587,0.4626178654216604,4833.394573254115
24.753843482285717,78.78907826865719,49.14018439325994,0.4782555182156155,4227.239113449014
26.499256040304846,39.743483214940156,35.61782299867176,0.41987333533431465,4503.04372698086
24.90496259565606,36.74091496622937,44.04565877346655,0.4730511452093627,5042.341731382246
26.09159628782065,44.301004632607835,41.018918935968024,0.44588536624986436,4149.5517203477675
26.217503368605385,39.964222627222476,37.99918095635886,0.42917610114421745,4351.8118633772065
23.865778166574817,48.24367305503026,52.72702380082498,0.5185736538447031,4935.300308435035
24.426110051006628,99.89848822284135,48.3137365367355,0.4619330257762856,4400.060538032026
25.454568008799818,52.39113867966095,43.79827602039241,0.47419186720857287,4815.428594751673
25.966350892522357,35.15742416337963,42.27530976170627,0.45649952634962293,4150.5978933785855
24.713882544341743,58.11154825544389,50.29273808832399,0.4903777021800214,4142.566479362884
24.69884431500108,65.10121391841875,48.17300778850066,0.475909929092718,4365.353481273844
26.215550295601343,29.991047691032513,37.01696485268323,0.42675348246112554,4477.111837034317
27.13208035882606,36.40071697482406,32.15769987258474,0.40744835505690197,4548.094920624558
26.23115092706591,43.29496660555802,38.94345922282354,0.4333871348542356,4229.661281300716
26.216732738388227,39.77614708515858,37.94586084290083,0.42893831869897026,4358.709282418384
24.194609029108925,46.30385201592548,50.10858096070552,0.5050217452241045,4972.239048080482
25.69507386659182,19.168090367768382,40.2254734277968,0.44225769389991854,4392.315625325685
24.607329281951266,57.6371311286145,45.15475903541849,0.46296527517409547,4835.672295876424
24.419934292757134,90.36335365741107,50.849145196459816,0.5079084657273191,5010.735205401049
24.630453801163178,43.229991641441224,46.39075976668708,0.482399780561172,4945.624425698642
25.529833381652107,19.743401466502103,41.270720799028126,0.4466625893603097,4373.641830419193
23.91488877068574,51.00461353283758,52.61421688625034,0.5186968010943749,4951.681002471933
26.20508299067321,33.66026960864258,36.847888559490286,0.4247165140648461,4500.1356054458765
26.225841428808476,44.66269781365948,39.46720325392191,0.4359690982747942,4176.218992316283
26.161232979133068,44.488624953264235,40.2140008200484,0.44074152203420064,4163.384776595101
24.396130310788923,114.49351890304843,49.69855046890227,0.4810524218712161,4729.105142305057
24.653033815299505,38.61143180905855,44.54808138979335,0.44205386460637636,4187.221935580786
24.614769406518217,49.22395404958643,47.25531549674327,0.49150564036869554,5038.662874302295
26.204096850062584,34.00595254873065,36.831959626478735,0.4245246081949087,4502.304709450793
24.650578880758754,43.53521966782989,46.438993021061975,0.4854997720398125,5011.614332199231
24.734123856273985,70.34654589321391,48.623444439660155,0.47749526833348144,4299.143648469488
24.806658937138966,56.69473007553424,44.937399538492954,0.4678131676854925,4871.397645991178
24.456838933855426,97.91923153560703,48.39122579153829,0.46346345236722264,4383.856486803418
26.046319891642998,44.17901761959903,41.542260737827135,0.4492297917846685,4140.557741409392
24.401813781403103,115.29575384516879,49.84761177940325,0.48323707224133694,4755.005400404209
26.15009945277659,44.45862818366375,40.34269126885495,0.4415639207448427,4161.173145148838
24.380277926127714,112.25591836730844,49.28278739162528,0.47495897644528334,4656.863921740311
24.18351361293079,46.36930548818812,50.1969325005394,0.5054790139396833,4970.9926605416
24.411593599294203,116.6761976219409,50.10410865785472,0.48699630391963444,4799.573204961891
26.22857142398464,25.42660536475693,37.227292547859086,0.42928743243036577,4448.470706732628
23.946769417206575,52.613884700842775,52.52429343625092,0.5186479290769486,4961.662923693542
24.777942930994552,77.23682545001985,49.200956154172786,0.4794557713231693,4214.530916298448
24.67661878122977,43.17301251659936,44.21995098071209,0.43797973271175594,4172.094178590887
25.275924425775685,29.302629666363867,40.89284718171289,0.4564638565507105,5059.396705216883
23.976817171396466,54.130635135922226,52.43953989401259,0.5186018668251862,4971.070961106262
24.41558993065845,114.83867431636057,50.2548986814237,0.49007929454300275,4832.912037990539
24.90140619777309,47.564152710295815,45.67856279389839,0.48391613913663223,5001.307448451548
25.14783138535709,30.10237723903327,41.717871986102224,0.4604303126118357,5060.230864471206
25.04265051070085,32.97737490935756,42.72598278786319,0.4658961042976756,5052.483493277669
25.64328224913757,19.39982890430851,40.46609217192482,0.443009658103716,4392.203987058281
24.696702354591213,34.09757010042513,45.92494898243823,0.4726739770627372,4656.127535534437
25.1464650980027,10.529476132382278,45.43279845823642,0.4853942762105749,4623.604044268794
24.666345937935994,41.186136473656326,44.36287390383102,0.4397542919218626,4178.6833370150725
23.97142505128341,47.620446731034136,51.885769647506415,0.5142196923077951,4947.167998525099
25.28900937869951,36.93048744195694,41.95775238088052,0.46373527737400866,5030.005543524763
24.770499665912734,34.500391273000005,44.14412639748075,0.4437442419582059,4222.4317653847265
25.65569989913944,47.388662755370156,42.76724929072872,0.463271195642538,4569.073672313141
24.373501791943227,111.299451450469,49.10506861550455,0.47235432075880984,4625.9842645366925
27.13152489809099,36.15599143434165,32.139264024506105,0.4073680917418011,4549.373493288347
24.49273658562408,44.545154240393515,47.73462506196915,0.49273519349340544,5005.728776223332
25.31489083588035,52.01805218520442,44.06408768635404,0.47811782561683813,4971.871127813974
25.62177598716872,19.034366522521093,41.34715441980285,0.44896686799107977,4340.605090506579
25.974650634897245,43.98592101092304,42.37067291568806,0.4545237752408699,4126.320923991967
24.55622208618748,48.02767955845625,45.79728944114631,0.4663292129338969,4724.634012698117
25.941660669687245,18.064752266193924,39.07985547269476,0.4386774919643367,4392.847150016657
26.22405540890364,44.65788578682523,39.48784753999725,0.43610102596956823,4175.864206450717
24.572869791675185,55.626866049496,45.32178581762869,0.46314348906816133,4807.021441151495
24.384115775833227,112.79763967553257,49.383443301621874,0.47643419473157006,4674.353463723773
26.20908628133104,32.256951187603924,36.91255291670996,0.425495566228427,4491.330011491856
25.97174405116925,29.64876592046953,42.09298925904321,0.45695581752257186,4167.929754185618
25.295318397387096,40.608322397315675,42.4712052638346,0.4672412532935676,5015.834350900308
24.733406109330325,80.1054556745816,49.08864731629452,0.47723765176164357,4238.01621328622
25.299190778909573,14.287735021920426,43.505416082357875,0.46804445470381506,4542.028742932088
25.370702090004848,53.55361587244931,44.15687849630326,0.47794406025505626,4906.67011347477
24.60083188074506,50.528809154033425,46.92161984338081,0.47150559296751604,4549.295410525146
24.722685411265452,52.08278374347005,43.57904006299873,0.4300220563148092,4142.546339234921
24.880732316296847,15.411962211790122,48.74084053763743,0.4978003220358308,4330.107788550877
24.77613320367428,76.59245967804756,49.15980486492786,0.47938302153291706,4220.303851600309
24.351726699267157,108.22584706355346,48.53396970941072,0.46398426529384557,4526.752552308617
25.969725766198827,31.71027437345508,42.16121916927157,0.4567850594053357,4161.443641599916
24.41599478447695,112.55780389101567,50.310276885468376,0.49174080614603255,4849.483490072393
24.634364767613366,47.280816892709964,46.12011138257411,0.47987815829735353,4973.552249596467
25.211359227568586,11.43443089934894,44.61659642472356,0.47909947973519534,4615.321877665538
24.775267058777988,75.84178068152849,49.27869599494686,0.48027383103235555,4208.813607412192
24.575299989262284,56.736179563486026,45.25237278293856,0.46267844369254546,4819.048187418873
25.251017254019715,54.59386984287566,44.45284795422957,0.4786203973210158,4951.038863611402
26.216119175628293,39.62640451590036,37.90340826935125,0.4287490003331419,4364.200890934527
26.21859441636408,28.923957862354374,37.06613592949134,0.42734587733552015,4470.416022596957
25.30371578205485,54.344719016475416,44.395382718905466,0.47990207715527133,4960.48388754833
24.40637072512855,115.93897692733029,49.96712748551055,0.48498870068674,4775.771940190273
24.897661647880902,36.940477937286055,44.11563503425811,0.47343054364827697,5041.803961063605
24.420328082980877,88.14481344840374,50.903010059194024,0.5095245725688536,5026.853803089329
27.122655446639083,32.248278137401044,31.844885233738033,0.40608646816030713,4569.789406517299
26.170310604220216,44.51308256171103,40.10907416795648,0.4400709863091905,4165.188011298763
26.908130188124563,22.726582233107404,32.094039094453834,0.4063761815530994,4611.225572100803
25.274884928243207,28.696655813650853,40.80824876295651,0.455886198835973,5061.731603953887
24.743045779604678,79.48456158132339,49.112955745266035,0.47771774756559204,4232.932992014524
25.087290481135504,11.616730934946261,46.1694487178412,0.4881569124342043,4558.246927346393
24.995307228118545,55.80282892859484,44.73168756059097,0.4724012789540669,4905.208602205643
24.566919497142273,52.910732113463865,45.49174236890761,0.46428214420088565,4777.574171948601
25.93603378716807,16.610900705274112,41.608402851644485,0.45684284158376254,4227.6862413424315
24.58805727048659,55.8412713548227,45.359303256936784,0.4654953840918085,4856.760708078377
26.965464729298724,21.68572625968981,31.71656131821006,0.40497879109453394,4619.235095255396
25.480669665789307,50.663372876914686,42.72311513784,0.4423622626383822,4119.338083016892
26.079900175076748,44.26949210118098,41.15411222065712,0.44674932145436375,4147.22833331699
25.566604284368605,19.74291993358815,40.82233043000393,0.4441229480058366,4392.038705579238
25.535245423569616,28.79287179228727,41.717421147540286,0.4510725694985686,4448.153689199809
26.224327785288104,41.629750189339724,38.471364195099156,0.4312818146888967,4290.730866909046
25.382961973990103,17.00913402520172,42.44560438816859,0.4575004913514142,4472.1238694091035
24.82080982418686,27.80522418441588,45.71872699280561,0.4757190779016717,4654.451196380247
26.204109971305208,36.69550774785128,37.0724881694211,0.4250434903416458,4471.687611184399
24.57411695222014,56.196158050269744,45.28616352970001,0.46290483100712077,4813.193483913984
24.634027991278483,43.28419977461416,46.39932593509388,0.4829503353476945,4957.344154328994
26.222412109433645,27.58569904771833,37.127802365807305,0.42808881166128904,4462.018667049987
24.730187618043388,53.53378951568081,43.474664157333464,0.4287261044781861,4137.734309344349
27.112017749512866,27.56150909262636,31.491818030703914,0.40454933550180283,4594.275509481189
24.41679009865195,108.07715310373922,50.41906447409836,0.4950047588850657,4882.0372419172145
25.958604363023646,43.06985292192132,42.53718804947256,0.45584412693293985,4125.7030627607855
25.701534546740838,18.419291438445914,41.41345921355564,0.45096578833285555,4311.946311765392
26.88943555058258,23.06596621975769,32.21712040046089,0.4068318180262012,4608.613967835856
24.10736989743978,46.81848832998947,50.803256265623446,0.5086170791030769,4962.439166321247
24.706443455539347,55.96285041664748,50.41562818937437,0.4916021737817883,4134.538098378064
27.133576041929437,37.05968678629125,32.20734188096961,0.40766447921589033,4544.6521218650005
24.650777680212027,44.24670795551548,46.38976701168853,0.4849758904273279,5014.9470448701395
27.128917926963503,35.00740904512948,32.05273815396732,0.4069913879860636,4555.374281118104
26.0079351202474,44.075598531445415,41.98594347589888,0.4520651545882659,4132.932756767687
25.414823563933258,21.43841601763881,41.493278644225335,0.44524293065762527,4376.469673521509
24.75636357050834,58.59649429628928,43.11048614597601,0.4242043984420248,4120.944654059716
24.10488767182175,60.59537742625457,52.07830063138141,0.5184055388202166,5011.170199533612
24.52547043569098,93.49865563535863,48.564294365472534,0.4668815875432363,4347.665507225288
26.24895647601069,16.68977531156957,37.65218947908736,0.4342158540064868,4393.509534647313
24.72530278847685,61.41015841368448,50.10408125237771,0.48849793370297584,4154.891385449068
25.474181509675795,52.11927320955503,43.71441060668842,0.47331435173313935,4794.090181804978
26.059075944604317,44.213385920300965,41.39481579288951,0.4482875421170986,4143.091681416913
24.58470937306327,56.460167326628465,45.30429904117254,0.4644555513284196,4848.317019147324
26.2312020532846,43.30744417402052,38.94699665974277,0.4334029101470099,4229.203683160328
24.41605261199685,112.23201449770649,50.318186861983385,0.4919781290781519,4851.850482629273
25.214310041308977,52.59443928754083,44.70422124660283,0.48118098560365785,4972.722222727857
24.97907347950348,13.605074264782338,47.516615570223045,0.4932091497709014,4438.72353027009
26.24447945347085,19.850185182336965,37.484251781969405,0.4323831818647207,4413.479580622381
24.467088718425757,97.2590397950431,48.417072750314894,0.4639739344089875,4378.451538140721
24.635958594417815,43.313480363700016,46.40395296138086,0.4832477181854689,4963.674580007525
25.103587290752483,50.81444464245716,45.048997376160536,0.4821488347644193,4982.837262484607
25.160431905761147,29.757956573917706,41.59710173420371,0.4597755184785216,5061.158988610893
24.337493439795356,105.60631109433933,48.09027136230338,0.45751954875976697,4446.790128392947
24.626527439562285,43.17044228181571,46.38134955804844,0.4817949786051336,4932.749930782982
24.6219818280809,49.569940610292356,45.91666611776559,0.4760321066999458,4942.321397439573
24.407697189242104,116.12621038617971,50.00191687609975,0.48549857581645356,4781.816796446696
25.197602795727903,28.741933248312453,41.240835675293056,0.45784390931478747,5063.8969072972295
24.409833332400943,116.427731903528,50.05794185102964,0.4863196807819556,4791.5514573443215
26.238336024827227,22.00371019982906,37.38501820181762,0.4311876525400497,4426.992598473187
25.56021010888161,32.64692592622347,41.9350023465982,0.4536007849217169,4473.214852864136
25.370097639098997,16.591222019566928,42.608354514180924,0.4591196765082503,4482.858820756705
27.139547727849422,39.690699155116675,32.40554327927513,0.40852737964866487,4530.906353906975
25.271791332462378,26.89324782519914,40.556479708049956,0.4541670610667701,5068.680377429324
24.630667547484766,43.233233435719654,46.39127204693183,0.48243270523967396,4946.325297449702
26.02866782011487,44.13145810380442,41.74629788963199,0.4505336950045542,4137.051226471239
24.60853514084923,20.41322291980555,52.12935626571023,0.510508165646358,4029.471746215311
25.97541333134569,25.900904636774943,41.968945994236556,0.457266259003197,4179.721629308141
24.631920631852285,47.73264249720534,46.07995550150582,0.47911902737988854,4967.387926302662
26.139034645879967,44.428816563111134,40.470587401660666,0.4423812433642831,4158.97516455438
26.219718338174882,44.64620053031027,39.53797896832633,0.4364213917962696,4175.002664321002
24.621158549035925,48.31413048519903,47.12489068653343,0.4906285026820657,5036.274764281963
24.652999279929027,57.421210150133454,45.10495807742411,0.46407601427101225,4843.8576141420845
26.951706432572472,21.93549550940038,31.8071428620189,0.4053141162262547,4617.313088138222
25.961968301506584,16.410901185814573,41.62996270219242,0.4574928160635355,4218.367473398592
24.77854264329114,29.94820336171233,45.788959849610094,0.4746820103631561,4655.022105854943
26.21102287406103,31.578095594960736,36.9438343136368,0.4258724328826937,4487.070303493576
25.100438806146194,55.30578241661472,44.617046581106216,0.47495818193647393,4924.051069121153
24.665998332652645,41.118905952354766,44.36771002969874,0.43981433821473515,4178.906296347322
24.62881319165098,47.224097791635394,46.9686325802969,0.48957762997156706,5033.413640323561
26.856081044848654,44.689408154832165,34.259047057435694,0.41538194311734716,4492.09095084893
24.920511473919575,58.55704682467815,42.907588803315235,0.42661742572325717,4115.080666823553
24.775557133035676,76.50680998898147,49.152449799642916,0.47935713493247156,4221.384975086879
24.685004823294925,44.79496133815546,44.10327854533322,0.4365311047362781,4166.715243262177
24.74044289589164,55.517268216535285,43.33198561687939,0.4269545795714596,4131.156417664923
24.661488528569247,57.38107424135024,45.09570095603905,0.46428248111545417,4845.379120711678
25.334298996719266,15.42826392165059,43.061252670804684,0.4636255161701384,4512.731852476549
26.23330241790598,43.82004698390716,39.092321456801045,0.4340509898932537,4210.404660476817
24.577441757803317,57.71383372585417,45.19119806413132,0.4622685924273917,4829.647534131738
24.723383988554772,80.7509835209041,49.06337445902007,0.476738508326851,4243.301109560042
24.75371216553346,58.083684660818506,43.14737433150996,0.42466240943112915,4122.645305663809
27.14441790389113,41.83640701313036,32.567185353958074,0.40923111341336565,4519.696067451676
26.89930200351942,45.28849065940349,34.09446330335132,0.41483791656396163,4490.764279571693
24.640524342248554,45.5564122219002,46.72956691697915,0.4879698568604711,5029.036289839648
25.975802373710376,16.304216797712545,41.64146322714115,0.4578395275448625,4213.3966261753585
24.421845887733756,79.59378635154445,51.11062401134995,0.5157536115275684,5088.98049569389
25.261552737906964,13.065022045562628,43.981584960724675,0.47278181251047147,4573.4367047429605
24.63748173249336,57.494574813463785,45.12187922395877,0.4636986123137481,4841.0764433497125
25.604454568524186,19.573561070339846,40.6464817447133,0.44357339848049687,4392.120292916177
24.008043550690452,55.70688020504779,52.35146188859102,0.5185539977786153,4980.848029395793
23.894688205369743,48.07312853538404,52.496816442833165,0.5173822017986649,4938.547875856037
23.907192595906523,50.61612604818068,52.6359249337171,0.5187085990856006,4949.271308229892
27.030081614326086,20.512666017347055,31.291138221270348,0.4034039111574088,4628.261947589179
25.970955079845705,30.454633811516484,42.11966113311795,0.45688906616697256,4165.394256519837
24.798233169875996,39.65824049214456,45.06861173279759,0.4785974083486428,5034.480297623556
24.54679070860997,43.72253389547856,46.06667516617502,0.46813401207919847,4677.959295515145
24.625884759535346,47.64111095703723,47.02841215194292,0.4899796617253182,5034.508218830742
25.982356212413272,18.809335201013376,41.73423575316068,0.45785366529946836,4202.033794801836
27.102409951954286,23.32849440422884,31.172933391380568,0.4031610219196094,4616.390965249875
26.590130060123972,28.499582696677123,34.187680705682034,0.41412666382068736,4566.801576787973
24.717710294087304,51.120543704425295,43.64825734487739,0.4308814717422009,4145.737455299701
25.965521673570493,36.00440162379874,42.30334224248807,0.4564293698211483,4147.933052903218
25.954013895823795,16.47224327587183,41.62335005483454,0.45729346161918033,4221.2256437780925
24.65056193348505,39.82209596993623,51.338763545668385,0.5008002541699369,4074.2298857755836
26.174746758619015,44.525034776773204,40.05779744912744,0.43974330148221197,4166.069236011826
24.618819091819763,48.64727273351189,47.17264721451294,0.4909496766244009,5037.149197933203
24.320732708242133,71.49080244974985,51.46948203896412,0.5180746552424818,5078.751895162501
25.56036259735453,49.54035079699554,42.69687032447891,0.4446022588198081,4119.943779733043
25.178286715200354,54.937729045912555,44.53215714339168,0.47685151935772313,4938.003553030497
25.43747815695798,20.979153627374693,41.400074159330394,0.4452956249355504,4381.8856857630835
24.36870183338628,110.62192626620825,48.97917931978727,0.4705092806504231,4604.110276980569
24.392486082628448,75.11276904103269,51.267092449101206,0.5179646596010473,5101.218081036133
24.783946983456197,17.190263847184212,49.945697355266034,0.5023188585397796,4223.210428673813
24.554379143415186,43.622255960829996,46.328527793849865,0.46941816935958836,4636.474207667771
25.16770096427498,51.845145153175224,44.84935580206927,0.4815884046378174,4976.980179334379
24.608950208010675,27.803013126535706,52.02616885621944,0.5076495306737338,4029.321860825466
24.8190107683457,46.23955209819949,45.93513135915206,0.4846363736577317,5008.83465528342
26.240204949942417,21.3485748959362,37.41520657723052,0.4315513508769946,4422.881731413696
27.152095115371054,45.21884182842605,32.82199347193289,0.4103404599525662,4502.024480402103
24.611861481917977,38.39906879680051,46.065924006921826,0.47059232143479685,4657.273494574623
26.01629595088303,44.09812489930189,41.88930212324522,0.45144756622367366,4134.593603058305
25.821299349394874,17.495699707892268,41.513021951165506,0.45396735081766254,4268.912523308613
25.86954498520947,18.38742964148988,39.414897826726346,0.4397245419682788,4392.6917026592755
24.384660713671167,112.87455890403872,49.397735475150924,0.47664366157501276,4676.836810891164
24.316038229496503,71.25383456739462,51.482723418008305,0.5180818517291312,5077.282040497389
26.20685094841503,37.36445472688045,37.26213711807134,0.4258892348051138,4447.154875135573
26.75439803937875,43.27998755282098,34.64625204505062,0.41666183733313866,4495.212119996696
24.146177315215613,62.67959590681538,51.96183789964871,0.5183422431097563,5024.098104472943
26.62890096524862,41.540481910223875,35.12414009339956,0.4182414816260628,4499.064264158837
24.759367816759227,71.24946193501435,49.54134368073349,0.48289084110694014,4191.654896757278
24.41770365112228,102.93036995302913,50.54402536811785,0.4987539591150129,4919.430716535479
26.32423425146431,33.32667706391781,35.93827914965502,0.4206072296085064,4529.656452879167
26.548954221149764,29.247092262099475,34.45877320616516,0.4151302250828453,4561.049392695806
25.157928304106587,51.68803848195783,44.879786584644734,0.48167382936665454,4977.872957427731
24.086215965322243,46.943278449338884,50.97170262636552,0.5094888833881552,4960.062869933051
24.75456151867603,78.74282932644203,49.14199507102134,0.4782912794240658,4226.860476239522
24.694511554813463,52.51645395822708,50.612737341432776,0.49356616076756643,4121.661004496669
25.253180927467042,24.715296053005464,42.15830134635255,0.4448669520646218,4337.8259204906735
25.961342724866146,40.272846469227346,42.44461530309402,0.4560758075525695,4134.503268614335
24.417077668473,106.45703870670349,50.458399907035634,0.4961849394157083,4893.808032488774
24.729316573442052,53.3653203196428,43.48678273415096,0.42887657111877514,4138.293010641409
25.248147433454946,53.94004492115819,42.79969034306913,0.4358265649008818,4117.570825246462
26.10543087710769,17.331972135702507,38.318995249128605,0.43629970691567604,4393.200161239467
24.63871404849088,37.03762263920915,46.02130469654954,0.4712511760006429,4656.910792725304
25.189760305521702,52.1997742523973,44.780665905391196,0.48139557963297164,4974.964955610286
24.590808435935894,52.63603252505733,47.74444295508074,0.4947951381765362,5047.618917118041
25.09163646009307,14.074101618278668,45.26871050399914,0.4823640801637494,4650.793098320185
25.284071487137535,34.05194941699663,41.55588724404089,0.4609912485849133,5041.0969375986315
24.566900605795407,52.90210877086599,45.492281957014434,0.4642857592705183,4777.480681017414
26.221102337092187,28.044828251974362,37.106645873860145,0.42783392610247617,4464.899627838714
25.121785120763157,55.20486020634217,44.59376944152561,0.47547734522243884,4927.87691511799
24.74291420223575,71.65348700069858,48.735676454439556,0.47789027574826815,4282.646627379592
24.75027295908579,72.74758066540011,48.829630447962,0.47822095255348407,4268.836298698723
24.585095134396603,56.38885506550184,45.310636899514385,0.4645753660128398,4849.289942832974
26.14446178679817,44.44343876729876,40.407856046101095,0.4419803574678746,4160.053244861886
25.575126810145424,34.949769861647134,42.06500974330309,0.4551114241998153,4488.1892011097625
25.08702865355262,50.54824564182265,45.100558801575154,0.4822935770421959,4984.349971234637
25.88760633512384,18.306615196936317,39.33098657723714,0.43946230863254904,4392.730634399788
24.396162104409626,114.49800664569666,49.6993843253765,0.4810646429153551,4729.250029652602
27.144241027350482,41.75847853992434,32.56131478773032,0.40920555499560535,4520.10320605836
24.820548743312024,16.517755239737614,49.49005104393799,0.5006100625563054,4263.6363008654625
24.755402950616567,70.10425456645794,49.6068413261932,0.48354345678682414,4187.375951204587
24.625953591801085,47.6313091382192,47.02700704395376,0.4899702120418638,5034.482490961458
24.35721186325083,109.00009056891813,48.677829999578954,0.46609268923769415,4551.749103278505
25.966086462034742,35.42751768012261,42.28424906844253,0.45647715406183054,4149.748099648307
24.38716205814967,113.22762942716734,49.46333864463855,0.4776051450613752,4688.235738058389
24.650250468712873,44.3441688486848,46.38110520059155,0.4848121423428624,5013.617371544809
24.751827855212284,69.07162812890252,49.665900150085136,0.48413191632971114,4183.5176523288665
24.964314332957578,20.529433189447385,45.480274098581205,0.47924010448832544,4652.512858360474
24.90383782171434,47.603243841725735,45.67099103572952,0.48389488383743673,5001.085308261609
26.426780762508578,31.46503927302075,35.263135891196484,0.41810790698103206,4543.981999710297
26.2274670103649,42.395891257826506,38.68856802845402,0.43225044088382847,4262.6336675814855
25.98309530791013,18.054411274678632,41.7092499755625,0.4579161968831399,4204.409007754641
26.024321645683546,17.694890606181428,38.69582073483016,0.4374773345246682,4393.025328042287
24.105517437231068,60.62716672247106,52.07652429732058,0.5184045734098683,5011.367380876838
24.60413125147495,38.79099753498582,46.07876887038954,0.4704026525028308,4657.37790801569
24.572223485586015,55.33184638414117,45.340246072558685,0.46326716693682407,4803.822952523742
26.51641571429826,29.837798990171155,34.6729994467012,0.4159232723119518,4556.503826991332
25.69956104071611,19.148012771897154,40.204626459589555,0.4421925444706571,4392.325297553922
24.557971907902154,48.82642155600664,45.74730978680584,0.4659943650594353,4733.293663208535
23.994777669078584,47.4826862453907,51.69981540223702,0.5132572749118942,4949.791281090877
26.235411308057014,44.33473048512409,39.23823613756554,0.4347017002413657,4191.52933122073
24.761633966813918,59.61584442720302,43.03716073601432,0.4232939756858789,4117.564141457452
26.00590696009219,44.07013411245176,42.009386618014695,0.45221496842471015,4132.529870688857
25.509598236521068,51.62835702104349,43.56297214255589,0.47172979392816355,4755.558725976492
24.58048600393942,57.240903952545075,45.23491128008942,0.46314380337692285,4837.665314326745
25.96382181899632,37.74066019226695,42.36080733126238,0.45628555268386833,4142.47027222111
24.418175070065235,100.27448411030872,50.60850872784018,0.5006886525964873,4938.726808276798
24.81533591143398,28.08275584844394,45.727822667567594,0.47558476997991356,4654.525133382622
24.217096241505256,66.2594412298772,51.76180197760269,0.5182335266507216,5046.303022271006
25.043517463067587,28.96567228823818,43.020889130618365,0.44437927767330726,4287.701873302572
24.95983377992834,30.66213923878974,43.36517669175854,0.44418463055462687,4267.69569390188
25.507999012322,19.911781846281926,41.252569476299605,0.44611537329675566,4381.487337696931
24.86042754311996,46.90537404485724,45.806164952215234,0.48427434155046156,5005.051039709092
24.784006437264065,29.67118472775356,45.779880988622025,0.47481607001053217,4654.948305528524
25.046811841419455,16.34674489403439,45.34319290282262,0.48126426333263794,4651.398551510061
24.703541307222185,48.3801124771584,43.8453861204739,0.43332906151071365,4154.8256596550655
26.221989605125454,41.05910749749647,38.30958487632553,0.4305603555712469,4311.658424661829
26.117436455012818,44.37062512093142,40.72023704429036,0.44397663405656,4154.684768450327
25.297334588157895,41.783658414009366,42.63529083959755,0.4683616678368886,5011.305623185989
27.131756159858558,36.25788101444536,32.14693964682115,0.40740150875032927,4548.841169479444
25.96510511991346,36.42987617158462,42.3174242076422,0.45639412706839283,4146.594384698732
27.156358868932756,47.09737136075041,32.9635082684715,0.4109565664998517,4492.210071561009
24.552095884736232,46.14419030819323,45.91514494639185,0.4671188075388581,4704.21395378369
25.395250326670016,53.213349341581214,44.05191263443872,0.4768457628269477,4879.962978711484
24.717393094877366,51.05919403782972,43.652670440356275,0.43093626560630777,4145.940911712548
24.722389640458886,52.02557855567897,43.58315503166308,0.4300731485775707,4142.736051142909
24.668191265735054,41.543042297144396,44.337200423216935,0.4394355249215452,4177.499715610089
24.592419237233354,89.18646297260943,48.73311966143222,0.4702159172231005,4312.361854462364
24.77807946932019,40.209118608871776,45.26177577799274,0.47964470833827344,5032.995824332766
25.776199799744113,17.84349447051095,41.475529845566065,0.4528370595024048,4285.1176556693545
26.2268000664796,42.233120800658284,38.64242200038155,0.4320446514606279,4268.603056467956
25.08210558656105,50.46910171847954,45.11588858677626,0.4823366105310879,4984.79971636917
24.85616417572439,26.01273087007195,45.65998077277554,0.4765865322610079,4653.973659581322
24.56376765421811,51.47200878976959,45.58176755179562,0.46488528444936983,4761.976092465379
25.336750469852937,54.02422401282277,44.30205230734115,0.47946306863034505,4943.607613597358
25.53099275908242,49.954226610263106,42.7065425238667,0.44377673610045903,4119.720557745271
24.70011673580769,18.730533039978816,50.989279501840755,0.5062325717338902,4130.621687296858
24.41954460084277,92.55880476062322,50.79584092375199,0.5063091782617368,4994.784359464927
25.760861819594275,46.7149427067238,42.630841072406305,0.4502378589084851,4121.467650396554
25.898463781960583,18.258034191665892,39.280543950597774,0.4393046690034512,4392.75403792748
24.908614642295717,58.72469537684285,42.91150671823472,0.42628303148169644,4114.990246359584
25.117625840671575,51.040130362466215,45.00528317215657,0.482026121061145,4981.55477546324
24.770711839577285,74.52605641585725,49.35394598358804,0.48102361863393495,4203.897543605985
24.794927235284984,39.74860439412262,45.10029761088148,0.4787692033623327,5034.236790403238
26.22415785152435,26.97374447242951,37.156000990342854,0.4284285382185298,4458.178752011809
25.971551167669347,29.84578020304929,42.09950985651864,0.4569394985072832,4167.309889243539
24.42224288921445,77.35715452360765,51.16492812804328,0.5173828973004596,5105.230536357993
27.135252725646662,37.798402059956146,32.262991334360585,0.4079067577155643,4540.7926916094975
27.13414398690758,37.309912649192725,32.22619208346464,0.40774654648700903,4543.344812675087
25.27706163269289,13.568845475225395,43.78537780333271,0.47082976660612597,4560.494937260123
24.544830231453204,92.25168530407731,48.61311410793211,0.46784578615648903,4337.456638785454
24.74251730160968,66.38237855340742,49.819705932412994,0.4856644304300194,4173.469557261467
26.231587051223638,24.36950369086464,37.27600337444931,0.4298742823810428,4441.837566335653
26.243112133610158,20.329487164621433,37.46216573639779,0.43211709738901705,4416.487122299365
25.594154864677304,19.24737267922454,41.32419246011051,0.44827462349836356,4350.529889077558
27.147465428405788,43.17908892905753,32.66833327571228,0.40967147652988317,4512.681203410572
24.392970571938868,114.04751450088524,49.61567948287924,0.47983786036173365,4714.705832922133
24.76564301750097,60.39123703636263,42.98138404140898,0.4226014412417096,4114.992675179603
25.103251868177512,50.80905234155884,45.050041838085335,0.48215176675857635,4982.867904901492
24.593437651380075,39.333171435586976,46.09653778869144,0.47014027433392425,4657.522348157743
24.91079105507358,36.58160076294179,43.98979564325746,0.47274826557340555,5042.771041736829
25.02613012670923,57.0686829659961,42.872806021762706,0.4295861379326023,4115.883408922538
27.135949291958,38.10529606030973,32.28611050351478,0.4080074105930873,4539.189318791279
26.035272163432666,44.14925201370532,41.66995946113891,0.45004585285506,4138.363153429141
24.638590534555412,46.49963700350426,46.18953853856478,0.48119065099386693,4984.210001923409
25.112387613211965,13.022001901754095,45.23422954892615,0.48287323045081176,4650.51280922412
24.862036182596736,46.931234761287534,45.801155859776074,0.4842602801190056,5004.9040829889955
27.14282239552847,41.13345607214344,32.51423012611702,0.4090005646411956,4523.3686463552085
26.22447489947417,26.862606094939032,37.16112220277412,0.4284902366842114,4457.48137684006
26.03969326086171,44.161163661166704,41.61885678314236,0.449719280239264,4139.241387134078
26.24532818000838,19.55267154010064,37.49796109280782,0.4325483465509417,4411.612731096258
25.522960788742935,26.896366907648392,41.61035368235201,0.44982848398944186,4435.821579257288
25.76696996117617,17.91467233234341,41.467856906813125,0.4526057399780334,4288.434113523593
24.70881713225573,44.46806357233994,46.278259895627535,0.4855995977257294,5018.901357965469
24.91363066221893,47.760674934890645,45.64049741423277,0.4838092827083444,5000.190686600409
25.95950807115019,42.14679103066047,42.50663739619499,0.4559205856592749,4128.607287257957
24.38358552312299,112.72279328655955,49.36953627733159,0.4762303726555335,4671.937038446825
26.229597127403416,25.067054029338653,37.24386053103648,0.4294870373393989,4446.214580811487
24.587315841140427,42.57573761289708,46.287372140858835,0.4757549716379886,4804.1755467012545
25.96505264024526,16.387115652083967,41.632526771115295,0.45757011619882804,4217.259211389488
27.10482473561836,24.392402615971417,31.253080523235454,0.40350995485022684,4610.832559071124
24.755930323155408,17.7050326801147,50.29446987254575,0.5036268491058324,4192.266617965866
24.599070461432532,20.587123803247355,52.2471797332459,0.5109500352787427,4019.0182073160468
24.572212647853384,55.32689927887948,45.34055562759864,0.46326924085767296,4803.769317929924
24.616342600320024,50.612414409217415,45.82401653467436,0.47428060328018046,4928.098773803465
25.66192306063118,48.1091743994608,42.663424003064826,0.4474569040870281,4120.715678041829
25.977899339828532,23.361655929738692,41.88490427659157,0.45747658912713124,4187.710853399403
25.546701858274936,19.831972164880572,40.914795137753,0.44441191198739954,4391.995805347975
25.826128858517787,45.795208366896425,42.60934705503819,0.4520723744055339,4121.9637048191025
24.355309353170668,108.73154689769193,48.627932557498056,0.4653613897144057,4543.079136376703
26.236654441477093,22.593174491445765,37.35785592064901,0.43086041146286225,4430.691390653603
24.954761455275904,21.01377157022545,45.49614754639744,0.4790057150842269,4652.641890585086
25.873516223739614,18.369660568993922,39.39644784437928,0.43966688342494314,4392.700262774035
24.643034493781162,57.468322181459776,45.115824202196315,0.4638336609086968,4842.071650715739
24.35947550400853,109.3196086654321,48.737198874822994,0.4669628025812548,4562.064786044937
25.61666530544865,41.36249277564174,42.42704096869952,0.45931809707261667,4529.888225798205
25.00897903146496,33.897745886266954,43.04870858796619,0.4676458643358854,5050.0033328005065
25.089902944924418,56.170004983549056,42.851804087479515,0.4313786541128344,4116.368106697033
25.692890600900434,18.485951063983915,41.40627333846921,0.4507491525351896,4315.05224713609
24.900344162828187,23.77277091981559,45.58656951983345,0.47767053241210433,4653.376913531669
24.557817542338547,48.7559582296031,45.75171888599949,0.4660239046293416,4732.529727191238
27.10848083108096,26.003209432102754,31.37442703119574,0.40403825563483187,4602.416872021491
26.210342970203442,38.21669731500444,37.50375105146145,0.4269667184817477,4415.900017696263
26.235812464264583,44.43263434291656,39.265992244224535,0.43482547932741566,4187.938838137301
26.230755958206895,24.660836057078637,37.262578894362626,0.4297125492299507,4443.665629364033
25.98364364010689,16.243747205308093,41.64798181967806,0.4580360464763648,4210.5791089093245
24.6300805523378,37.475347656379384,46.03565046284366,0.47103934454147023,4657.027406718693
26.151201594180062,44.46159765449343,40.32995181261086,0.44148250901237474,4161.39208122606
26.79161158956933,24.841870449194502,32.861171447358956,0.40921603994442945,4594.9481519984265
25.962420877767535,39.171603903190025,42.408167389765524,0.4561670252756521,4137.968101978049
25.070608937187234,50.28427995223056,45.15168764572362,0.48243710498585973,4985.849988918408
27.0881523933546,19.45844432140216,30.90881321990961,0.40198857668583055,4636.3743217306455
24.66720103691384,41.35152161824006,44.350977173590444,0.4396065797721398,4178.134863484205
24.376944110885866,45.22823087418697,48.65666739729448,0.4975072791319379,4992.721395941886
26.04161842696105,44.16635058596264,41.59660413097997,0.4495770742510463,4139.623813846717
24.647371758201572,85.64695438904309,48.87169384651779,0.4729527820724543,4283.384118132292
25.365691453764384,16.44808226411318,42.6640983380562,0.45967426638425013,4486.5356672937405
24.550957715059422,42.02431027497321,46.20023356654757,0.4701545028052979,4684.957665886048
24.812163447874983,46.12947360295086,45.956453017418944,0.48469622742163965,5009.4601899494255
24.6022999221258,53.20835922736802,45.59330262572289,0.46991904883996205,4892.681916164707
24.57081297997552,90.57812857184683,48.678635000137334,0.4691398354533623,4323.75533404921
26.216858568096416,39.80685635407704,37.95456703449266,0.4289771441888508,4357.583061040237
26.585583862606725,28.58211474010609,34.21761185179452,0.4142374663649,4566.16648189519
24.611311165419128,87.96962813417977,48.78075957870831,0.47115681407873455,4302.399703425643
24.75480176645633,78.72735489386719,49.142600905654334,0.47830324476602726,4226.733788023792
25.97513868271,26.181435132899406,41.97823073451457,0.4572430222033303,4178.838997767654
26.2052910274767,36.98374946835034,37.15420576582779,0.4254079121073384,4461.116731475031
27.0035313496413,46.73320590045537,33.69756194812751,0.41352597130230623,4487.564950264853
27.138183142880727,48.599604426073,33.18481308028417,0.4118310956392919,4483.431801162817
25.961516006319233,40.09585402984371,42.43875737016498,0.45609046812583587,4135.060138942466
24.22377350475857,46.13180653630214,49.87634755091503,0.5038198072249587,4975.51519729779
27.094443222252814,19.818503312178557,30.908516108236114,0.40200984039410514,4634.7289721926545
24.66166461921457,43.02898292417827,51.15535261894419,0.498972755703356,4086.212077863758
24.56599975907941,45.349999143170045,46.47689568683671,0.46994035919963795,4614.665561850636
25.473523693250367,19.95113064221796,41.29988396451162,0.4461018304144093,4396.552480880778
24.370059408780666,110.81355115386448,49.014784671011626,0.47103111454192137,4610.296911079802
24.22796936162866,46.10705456694333,49.842936418836395,0.5036468858986258,4975.986532814534
25.30345436752103,45.35117652980081,43.13334267818674,0.4717624818370739,4997.559496178183
25.29687058066788,41.51316579846391,42.59752807564664,0.4681038148858911,5012.3478676055765
26.20299266784338,36.4228251439831,36.995181640264086,0.4246987398461129,4481.687881094451
26.873328749658214,44.92847731278696,34.19336845857535,0.4151648445223615,4491.561530973184
25.563836654462342,49.49139485118771,42.69572623329529,0.44469990706166235,4119.970183893871
